Call_ID,Timestamp,Agent_ID,Team,Supervisor_ID,IVR_Path,Duration,Resolved,Transferred,Customer_Utterance,Customer_ID,Sentiment,Escalation,Bot_Failure_Reason
C0001,2025-04-08 15:18:09.035647,A120,Team_1,S10,Start>Account>Agent,310,True,True,What is this extra charge?,CUST2679,neutral,True,
C0002,2025-04-11 15:29:06.791514,A101,Team_1,S10,Start>TechSupport,298,True,False,My service is down,CUST4257,neutral,False,no_input
C0003,2025-04-09 16:16:40.291366,A114,Team_5,S12,Start>Billing>Agent,837,True,True,How do I change my plan?,CUST6574,positive,True,
C0004,2025-04-08 18:01:17.665993,A103,Team_1,S13,Start>TechSupport>Agent,427,False,True,Where is my refund?,CUST5333,negative,False,
C0005,2025-04-10 01:03:08.303419,A129,Team_4,S10,Start>Agent,360,False,True,Where is my refund?,CUST4150,neutral,True,
C0006,2025-04-04 07:10:58.955843,A124,Team_3,S10,Start>TechSupport,163,False,False,I can't log in,CUST8428,neutral,False,no_input
C0007,2025-04-02 13:11:35.227826,A111,Team_3,S11,Start>Account>Agent,778,True,True,Where is my refund?,CUST3803,neutral,True,
C0008,2025-04-28 20:36:10.255140,A114,Team_4,S12,Start>Agent,284,False,True,I need help with my bill,CUST4752,negative,False,
C0009,2025-04-23 18:40:46.434052,A108,Team_1,S11,Start>Account,277,False,False,How do I change my plan?,CUST8517,positive,True,no_input
C0010,2025-04-15 18:57:43.356391,A123,Team_5,S14,Start>Account>Agent,824,False,True,Where is my refund?,CUST7543,positive,True,
C0011,2025-04-30 04:40:14.909504,A102,Team_1,S10,Start>Billing,702,True,False,How do I change my plan?,CUST2040,positive,False,
C0012,2025-04-24 21:25:23.437140,A108,Team_5,S10,Start>TechSupport>Agent,758,False,True,I want to talk to a human,CUST2827,positive,True,
C0013,2025-04-11 05:00:16.201133,A100,Team_3,S14,Start>Billing,579,True,False,I can't log in,CUST9317,neutral,True,complex_request
C0014,2025-04-15 10:33:02.898728,A124,Team_2,S14,Start>Agent,60,False,True,Can I cancel my service?,CUST1319,positive,False,
C0015,2025-04-25 01:14:54.478459,A107,Team_1,S11,Start>TechSupport>Agent,147,False,True,My internet isn’t working,CUST9727,neutral,True,
C0016,2025-04-01 16:37:34.481784,A117,Team_2,S12,Start>Agent,681,False,True,I want to update my account details,CUST9835,neutral,True,
C0017,2025-04-18 00:53:15.542243,A112,Team_3,S13,Start>Agent,522,True,True,I want to update my account details,CUST4681,positive,True,
C0018,2025-04-28 15:52:45.056340,A118,Team_2,S10,Start>TechSupport>Agent,784,True,True,I want to update my account details,CUST2104,negative,False,
C0019,2025-04-14 23:47:26.839675,A116,Team_2,S12,Start>Sales,279,True,False,Where is my refund?,CUST8744,positive,False,ambiguous_query
C0020,2025-04-19 13:47:46.366588,A106,Team_1,S10,Start>Sales>Agent,422,False,True,How do I change my plan?,CUST8651,negative,True,
C0021,2025-04-16 14:01:51.555468,A101,Team_4,S12,Start>TechSupport>Agent,314,True,True,I want to update my account details,CUST9786,neutral,False,
C0022,2025-04-14 11:07:37.923256,A108,Team_4,S11,Start>TechSupport>Agent,513,True,True,I need help with my bill,CUST9856,negative,True,
C0023,2025-04-21 04:31:19.437015,A105,Team_4,S13,Start>Sales,278,False,False,I need help with my bill,CUST3697,positive,False,complex_request
C0024,2025-04-04 23:20:38.859347,A129,Team_4,S12,Start>Sales>Agent,773,False,True,What is this extra charge?,CUST4111,positive,True,
C0025,2025-04-29 05:28:00.394432,A123,Team_3,S10,Start>Billing>Agent,658,False,True,My service is down,CUST9701,positive,True,
C0026,2025-04-25 00:09:20.386710,A102,Team_5,S10,Start>TechSupport,473,True,False,Where is my refund?,CUST5033,neutral,True,
C0027,2025-04-30 18:37:31.820451,A102,Team_4,S14,Start>Agent,383,False,True,I want to update my account details,CUST6147,positive,False,
C0028,2025-04-08 04:05:34.659502,A121,Team_3,S13,Start>Account,829,True,False,I need help with my bill,CUST8508,neutral,True,no_match
C0029,2025-04-25 11:36:18.697658,A117,Team_2,S14,Start>Account>Agent,195,False,True,My internet isn’t working,CUST5002,positive,True,
C0030,2025-04-25 18:09:48.387028,A126,Team_5,S12,Start>Agent,68,False,True,My internet isn’t working,CUST3200,positive,True,
C0031,2025-04-13 07:39:23.783375,A108,Team_3,S14,Start>TechSupport,794,False,False,I want to update my account details,CUST5325,neutral,False,no_match
C0032,2025-04-03 19:13:53.477017,A102,Team_4,S12,Start>Billing>Agent,63,False,True,What is this extra charge?,CUST5291,positive,False,
C0033,2025-04-15 09:45:44.759578,A117,Team_1,S10,Start>TechSupport>Agent,767,True,True,My service is down,CUST1590,negative,True,
C0034,2025-04-15 20:20:55.410968,A104,Team_1,S12,Start>Account,875,True,False,I want to talk to a human,CUST4441,neutral,True,complex_request
C0035,2025-04-26 08:26:27.659461,A124,Team_5,S13,Start>Billing,302,True,False,What is this extra charge?,CUST7755,positive,False,ambiguous_query
C0036,2025-04-04 00:24:03.887588,A125,Team_2,S12,Start>Billing,866,True,False,How do I change my plan?,CUST1634,negative,True,no_input
C0037,2025-04-29 11:13:07.968510,A126,Team_4,S12,Start>Account>Agent,900,True,True,I want to update my account details,CUST1387,neutral,False,
C0038,2025-04-21 00:23:10.878859,A108,Team_1,S12,Start>Account,716,False,False,My service is down,CUST6425,negative,True,complex_request
C0039,2025-04-14 21:50:27.737087,A105,Team_5,S12,Start>Billing>Agent,171,False,True,I want to talk to a human,CUST6139,neutral,True,
C0040,2025-04-21 18:08:17.552189,A128,Team_5,S11,Start>Account>Agent,105,False,True,I need help with my bill,CUST9518,negative,True,
C0041,2025-04-17 20:47:17.656164,A113,Team_1,S12,Start>Account,739,True,False,I can't log in,CUST9308,positive,False,complex_request
C0042,2025-04-17 04:07:01.436840,A112,Team_3,S14,Start>Billing,256,False,False,How do I change my plan?,CUST3851,neutral,False,ambiguous_query
C0043,2025-04-30 06:04:21.397180,A117,Team_1,S12,Start>Account>Agent,275,False,True,Where is my refund?,CUST6279,neutral,False,
C0044,2025-04-22 11:00:47.752713,A116,Team_4,S11,Start>TechSupport>Agent,350,False,True,My internet isn’t working,CUST4848,neutral,True,
C0045,2025-04-12 20:38:06.685700,A104,Team_1,S10,Start>TechSupport,546,True,False,Can I cancel my service?,CUST7790,negative,True,ambiguous_query
C0046,2025-04-22 04:28:28.635434,A115,Team_4,S11,Start>Billing,731,True,False,My internet isn’t working,CUST7965,positive,False,no_match
C0047,2025-04-23 06:02:50.539353,A117,Team_2,S10,Start>Sales,196,False,False,My service is down,CUST6198,negative,False,
C0048,2025-04-11 18:58:47.086450,A126,Team_5,S13,Start>Agent,516,True,True,Can I cancel my service?,CUST8373,positive,True,
C0049,2025-04-09 05:33:51.316054,A124,Team_5,S13,Start>TechSupport,341,False,False,My internet isn’t working,CUST5681,positive,False,complex_request
C0050,2025-04-06 13:53:48.378765,A128,Team_5,S10,Start>Billing,214,True,False,How do I change my plan?,CUST3503,neutral,True,ambiguous_query
C0051,2025-04-12 07:45:19.846108,A113,Team_3,S14,Start>Sales,485,True,False,I want to update my account details,CUST7883,positive,True,
C0052,2025-04-21 15:02:10.489195,A112,Team_4,S10,Start>Account,365,False,False,How do I change my plan?,CUST9818,neutral,True,ambiguous_query
C0053,2025-04-26 12:33:43.435688,A107,Team_3,S13,Start>Sales,89,False,False,I want to talk to a human,CUST7624,neutral,False,no_input
C0054,2025-04-28 11:26:27.271494,A119,Team_5,S10,Start>Sales>Agent,666,True,True,My internet isn’t working,CUST8022,positive,False,
C0055,2025-04-22 14:55:50.863775,A101,Team_3,S13,Start>Account,276,False,False,I want to talk to a human,CUST6529,neutral,False,complex_request
C0056,2025-04-17 05:53:14.297565,A124,Team_4,S12,Start>TechSupport>Agent,541,True,True,My service is down,CUST1853,negative,False,
C0057,2025-04-06 04:50:54.210331,A120,Team_1,S10,Start>Billing>Agent,313,True,True,I need help with my bill,CUST3496,positive,False,
C0058,2025-04-29 15:30:45.740564,A118,Team_2,S13,Start>Account>Agent,845,False,True,What is this extra charge?,CUST2876,neutral,True,
C0059,2025-04-13 03:09:44.576940,A103,Team_5,S10,Start>Account>Agent,649,False,True,How do I change my plan?,CUST4249,positive,True,
C0060,2025-04-08 21:01:08.672991,A122,Team_3,S14,Start>TechSupport>Agent,875,True,True,I want to talk to a human,CUST9728,neutral,False,
C0061,2025-04-12 13:41:59.985994,A116,Team_3,S10,Start>Sales>Agent,561,True,True,How do I change my plan?,CUST6934,neutral,False,
C0062,2025-04-02 03:33:40.211847,A113,Team_2,S14,Start>Account>Agent,690,False,True,Can I cancel my service?,CUST8136,negative,False,
C0063,2025-04-01 14:26:27.941466,A127,Team_2,S10,Start>Account>Agent,521,True,True,Can I cancel my service?,CUST7209,positive,False,
C0064,2025-04-19 23:20:50.477532,A105,Team_4,S11,Start>Account,876,False,False,I want to talk to a human,CUST5581,negative,False,
C0065,2025-05-01 03:19:46.354661,A100,Team_5,S11,Start>TechSupport>Agent,307,False,True,Can I cancel my service?,CUST4937,neutral,False,
C0066,2025-04-03 06:38:59.386134,A125,Team_1,S10,Start>Account>Agent,286,False,True,I want to update my account details,CUST6016,neutral,False,
C0067,2025-04-26 17:21:15.371538,A117,Team_5,S12,Start>Sales>Agent,823,False,True,I want to talk to a human,CUST8434,positive,False,
C0068,2025-04-21 22:21:51.526483,A103,Team_2,S12,Start>TechSupport>Agent,820,True,True,I want to update my account details,CUST4545,neutral,False,
C0069,2025-04-19 03:57:08.606887,A103,Team_2,S12,Start>TechSupport,429,True,False,I can't log in,CUST1231,neutral,True,complex_request
C0070,2025-04-16 11:32:57.062030,A101,Team_1,S14,Start>Account>Agent,774,True,True,Can I cancel my service?,CUST2680,negative,False,
C0071,2025-04-14 12:17:57.018534,A115,Team_4,S12,Start>Billing,112,False,False,Can I cancel my service?,CUST2869,negative,False,ambiguous_query
C0072,2025-04-17 07:15:59.321002,A102,Team_5,S10,Start>Billing,212,False,False,My internet isn’t working,CUST5066,positive,False,
C0073,2025-04-10 11:41:12.065926,A119,Team_5,S11,Start>Agent,449,False,True,Can I cancel my service?,CUST5871,negative,False,
C0074,2025-04-22 14:59:05.723626,A118,Team_5,S10,Start>TechSupport>Agent,841,True,True,I want to update my account details,CUST5335,neutral,True,
C0075,2025-04-04 01:31:27.836509,A105,Team_5,S10,Start>Billing,62,False,False,Can I cancel my service?,CUST8699,positive,True,complex_request
C0076,2025-04-19 00:17:49.061569,A122,Team_3,S13,Start>TechSupport>Agent,763,True,True,I can't log in,CUST4241,neutral,True,
C0077,2025-04-12 23:31:59.508791,A129,Team_3,S11,Start>TechSupport>Agent,121,True,True,I can't log in,CUST5728,neutral,False,
C0078,2025-04-07 02:14:41.520074,A122,Team_4,S12,Start>Agent,612,False,True,Can I cancel my service?,CUST2317,neutral,False,
C0079,2025-04-13 09:39:49.876682,A119,Team_3,S10,Start>TechSupport>Agent,294,True,True,I can't log in,CUST1659,neutral,True,
C0080,2025-04-13 12:44:11.739658,A116,Team_4,S12,Start>Billing,659,False,False,Can I cancel my service?,CUST2494,neutral,False,complex_request
C0081,2025-04-04 21:44:53.254873,A110,Team_1,S11,Start>Account,481,False,False,I can't log in,CUST7561,negative,True,ambiguous_query
C0082,2025-04-06 22:25:00.677079,A102,Team_3,S12,Start>Account,178,False,False,My service is down,CUST1018,neutral,False,ambiguous_query
C0083,2025-04-17 10:38:29.221889,A101,Team_2,S14,Start>Account,697,False,False,Can I cancel my service?,CUST1845,positive,True,complex_request
C0084,2025-04-27 03:24:04.860391,A114,Team_4,S10,Start>Billing>Agent,705,True,True,What is this extra charge?,CUST6091,neutral,False,
C0085,2025-04-20 04:10:51.121500,A107,Team_1,S13,Start>TechSupport>Agent,723,True,True,Can I cancel my service?,CUST5781,neutral,False,
C0086,2025-04-06 18:17:35.663936,A126,Team_4,S13,Start>TechSupport,527,True,False,How do I change my plan?,CUST4122,negative,True,no_match
C0087,2025-04-14 17:11:33.897162,A108,Team_4,S12,Start>Agent,333,True,True,I can't log in,CUST5891,negative,False,
C0088,2025-04-06 11:45:59.608294,A114,Team_5,S13,Start>Account,400,False,False,Can I cancel my service?,CUST6272,negative,True,
C0089,2025-04-22 22:21:17.131629,A112,Team_2,S13,Start>Billing>Agent,385,False,True,How do I change my plan?,CUST7325,negative,True,
C0090,2025-04-22 01:55:23.152871,A101,Team_2,S14,Start>Account,162,False,False,My internet isn’t working,CUST9617,negative,True,no_input
C0091,2025-04-01 20:43:45.559628,A113,Team_2,S10,Start>Sales,860,False,False,I want to talk to a human,CUST7512,neutral,False,
C0092,2025-04-03 23:40:48.175631,A112,Team_3,S13,Start>Agent,96,True,True,I want to update my account details,CUST5708,negative,True,
C0093,2025-04-20 19:24:47.462966,A103,Team_1,S13,Start>Billing,770,False,False,I need help with my bill,CUST1753,positive,True,complex_request
C0094,2025-04-12 22:25:47.381756,A111,Team_3,S13,Start>Billing,310,False,False,Where is my refund?,CUST3950,positive,True,
C0095,2025-04-16 00:27:21.150493,A127,Team_4,S14,Start>TechSupport,569,True,False,I want to update my account details,CUST8555,neutral,False,complex_request
C0096,2025-04-09 00:48:53.893777,A121,Team_1,S13,Start>Account>Agent,753,True,True,My internet isn’t working,CUST8237,negative,False,
C0097,2025-04-18 15:41:39.844516,A122,Team_3,S13,Start>Account>Agent,263,False,True,Can I cancel my service?,CUST2747,positive,False,
C0098,2025-04-25 21:23:29.424563,A122,Team_3,S10,Start>Sales>Agent,341,True,True,Where is my refund?,CUST1803,negative,False,
C0099,2025-04-08 06:14:20.811988,A124,Team_2,S14,Start>Account,284,True,False,Where is my refund?,CUST5106,neutral,True,no_match
C0100,2025-04-13 00:17:17.738037,A128,Team_1,S12,Start>Sales,94,False,False,What is this extra charge?,CUST2476,negative,False,ambiguous_query
C0101,2025-04-10 21:50:42.697129,A105,Team_2,S11,Start>Agent,434,False,True,What is this extra charge?,CUST5210,negative,False,
C0102,2025-04-29 10:05:51.287555,A123,Team_3,S10,Start>Sales,137,True,False,I want to update my account details,CUST7511,negative,False,no_match
C0103,2025-04-22 22:41:45.051295,A125,Team_4,S10,Start>Account>Agent,609,True,True,Can I cancel my service?,CUST7038,neutral,False,
C0104,2025-04-10 20:14:58.152723,A126,Team_3,S10,Start>TechSupport,542,True,False,Where is my refund?,CUST6374,negative,True,no_match
C0105,2025-04-10 17:40:07.969166,A120,Team_4,S12,Start>Sales>Agent,179,True,True,I need help with my bill,CUST1609,positive,False,
C0106,2025-04-17 15:05:18.939826,A103,Team_2,S14,Start>Billing,457,False,False,I want to talk to a human,CUST9850,neutral,True,ambiguous_query
C0107,2025-04-28 02:15:05.291869,A120,Team_1,S13,Start>Sales>Agent,346,True,True,I want to talk to a human,CUST4559,neutral,True,
C0108,2025-04-23 10:09:07.249182,A103,Team_3,S14,Start>Account,122,False,False,I can't log in,CUST4109,negative,False,no_match
C0109,2025-04-23 10:49:45.464545,A121,Team_2,S14,Start>Billing>Agent,111,False,True,I want to update my account details,CUST3063,neutral,True,
C0110,2025-04-19 06:55:32.341391,A126,Team_5,S11,Start>TechSupport,892,True,False,I want to talk to a human,CUST3417,neutral,True,complex_request
C0111,2025-04-26 20:35:26.782502,A127,Team_2,S11,Start>Agent,316,True,True,My internet isn’t working,CUST1422,positive,False,
C0112,2025-04-09 02:45:03.507285,A118,Team_3,S10,Start>Billing,331,True,False,What is this extra charge?,CUST7897,neutral,True,ambiguous_query
C0113,2025-04-02 12:40:35.116620,A114,Team_3,S14,Start>TechSupport>Agent,522,True,True,Where is my refund?,CUST1710,neutral,False,
C0114,2025-04-26 11:19:51.306472,A120,Team_1,S10,Start>Sales,471,False,False,My internet isn’t working,CUST9032,neutral,False,no_match
C0115,2025-04-15 23:54:03.370804,A128,Team_1,S12,Start>Billing,127,True,False,I can't log in,CUST9984,neutral,False,
C0116,2025-04-28 06:27:41.761113,A116,Team_3,S13,Start>Agent,679,False,True,My internet isn’t working,CUST2874,negative,True,
C0117,2025-04-01 16:13:59.293030,A114,Team_2,S13,Start>Account,524,False,False,How do I change my plan?,CUST2557,positive,False,complex_request
C0118,2025-04-09 19:59:46.120164,A111,Team_2,S13,Start>TechSupport>Agent,153,True,True,My internet isn’t working,CUST8075,positive,False,
C0119,2025-04-01 07:46:31.557989,A117,Team_1,S14,Start>Agent,635,False,True,My internet isn’t working,CUST7730,positive,False,
C0120,2025-04-06 06:10:34.213055,A109,Team_5,S12,Start>Account,166,True,False,What is this extra charge?,CUST8900,positive,True,complex_request
C0121,2025-04-02 16:09:00.595482,A127,Team_5,S12,Start>TechSupport>Agent,840,False,True,Where is my refund?,CUST4705,negative,True,
C0122,2025-04-30 23:04:03.018782,A100,Team_2,S12,Start>Account>Agent,407,False,True,I need help with my bill,CUST3972,negative,False,
C0123,2025-04-11 08:58:07.678243,A104,Team_1,S10,Start>Agent,280,False,True,How do I change my plan?,CUST8432,positive,False,
C0124,2025-04-11 00:47:20.236233,A123,Team_3,S14,Start>TechSupport>Agent,113,True,True,What is this extra charge?,CUST1815,neutral,False,
C0125,2025-04-23 03:42:45.833063,A121,Team_4,S13,Start>Sales,484,False,False,I want to update my account details,CUST9394,positive,False,no_match
C0126,2025-04-27 12:00:46.877611,A109,Team_5,S13,Start>Agent,743,False,True,I need help with my bill,CUST4612,positive,True,
C0127,2025-04-02 13:46:57.085340,A106,Team_3,S11,Start>Billing,842,False,False,I can't log in,CUST6375,positive,False,ambiguous_query
C0128,2025-04-26 16:16:23.731706,A105,Team_2,S13,Start>Agent,780,True,True,My service is down,CUST6802,positive,True,
C0129,2025-04-18 04:52:43.487422,A100,Team_4,S10,Start>Account,649,False,False,Where is my refund?,CUST7626,neutral,False,complex_request
C0130,2025-04-09 10:59:55.155095,A103,Team_4,S10,Start>Account,235,False,False,I want to talk to a human,CUST2443,neutral,True,no_input
C0131,2025-04-20 11:50:52.599069,A113,Team_5,S13,Start>Agent,140,False,True,I can't log in,CUST6562,positive,True,
C0132,2025-04-23 14:09:48.305369,A116,Team_1,S14,Start>Agent,258,False,True,I want to talk to a human,CUST3419,positive,True,
C0133,2025-04-26 18:36:40.211174,A106,Team_2,S14,Start>Billing,838,True,False,What is this extra charge?,CUST9095,neutral,False,
C0134,2025-04-24 19:27:04.981751,A120,Team_5,S12,Start>Account,214,False,False,My internet isn’t working,CUST8682,neutral,False,complex_request
C0135,2025-04-18 07:56:00.496378,A118,Team_1,S12,Start>Agent,135,False,True,Can I cancel my service?,CUST8404,positive,False,
C0136,2025-04-18 21:14:02.866438,A102,Team_1,S14,Start>Agent,453,False,True,Where is my refund?,CUST1672,neutral,True,
C0137,2025-04-07 01:35:21.991976,A119,Team_4,S14,Start>Billing,123,False,False,My internet isn’t working,CUST6626,negative,True,
C0138,2025-04-06 01:01:38.268067,A120,Team_2,S10,Start>TechSupport,784,False,False,Can I cancel my service?,CUST9586,neutral,True,complex_request
C0139,2025-04-12 22:40:54.820295,A111,Team_3,S13,Start>Sales>Agent,853,False,True,Where is my refund?,CUST1857,neutral,False,
C0140,2025-04-12 08:21:03.761120,A110,Team_1,S14,Start>Sales>Agent,350,False,True,Where is my refund?,CUST3463,positive,True,
C0141,2025-04-24 04:43:22.387753,A109,Team_4,S11,Start>TechSupport>Agent,377,False,True,I want to talk to a human,CUST3093,neutral,True,
C0142,2025-04-28 08:42:32.254658,A116,Team_3,S10,Start>Account,376,True,False,I want to update my account details,CUST6598,negative,False,no_input
C0143,2025-04-22 21:02:57.955926,A107,Team_2,S11,Start>TechSupport>Agent,362,True,True,My service is down,CUST9843,negative,True,
C0144,2025-04-16 15:53:57.517160,A128,Team_5,S11,Start>Sales>Agent,217,True,True,What is this extra charge?,CUST3712,neutral,True,
C0145,2025-04-18 02:08:51.430714,A111,Team_2,S13,Start>Account>Agent,830,False,True,I want to update my account details,CUST9749,positive,False,
C0146,2025-04-06 07:33:09.413748,A111,Team_5,S13,Start>Sales,847,False,False,How do I change my plan?,CUST9239,neutral,True,no_input
C0147,2025-04-28 12:17:49.365746,A125,Team_5,S11,Start>Account>Agent,113,False,True,I want to talk to a human,CUST2680,neutral,True,
C0148,2025-04-08 00:18:16.822271,A102,Team_2,S12,Start>Sales,585,True,False,How do I change my plan?,CUST2502,negative,True,ambiguous_query
C0149,2025-04-27 03:49:42.482639,A128,Team_3,S10,Start>Sales>Agent,114,False,True,My service is down,CUST7126,positive,True,
C0150,2025-04-17 21:45:30.077137,A107,Team_1,S12,Start>TechSupport>Agent,791,False,True,What is this extra charge?,CUST3254,positive,False,
C0151,2025-04-12 05:52:51.993861,A124,Team_4,S13,Start>Billing>Agent,141,True,True,I can't log in,CUST4533,negative,False,
C0152,2025-04-26 07:20:34.869696,A124,Team_3,S11,Start>Account>Agent,184,True,True,I want to update my account details,CUST7878,neutral,False,
C0153,2025-04-06 13:34:15.405784,A103,Team_4,S14,Start>Agent,76,True,True,What is this extra charge?,CUST5772,neutral,False,
C0154,2025-04-18 05:09:59.039432,A118,Team_4,S11,Start>TechSupport>Agent,596,False,True,My internet isn’t working,CUST9618,neutral,True,
C0155,2025-04-19 01:53:18.934726,A127,Team_4,S10,Start>Sales>Agent,442,False,True,I need help with my bill,CUST6850,neutral,False,
C0156,2025-04-25 16:09:19.478921,A123,Team_1,S14,Start>Account,196,True,False,I want to talk to a human,CUST9945,positive,True,ambiguous_query
C0157,2025-04-03 18:46:30.446492,A122,Team_4,S11,Start>Billing,124,False,False,I need help with my bill,CUST5807,positive,True,no_match
C0158,2025-04-21 18:10:43.040672,A110,Team_3,S14,Start>Sales>Agent,894,False,True,I can't log in,CUST1599,neutral,True,
C0159,2025-04-09 05:19:13.686733,A111,Team_1,S12,Start>Account>Agent,187,False,True,How do I change my plan?,CUST7553,neutral,False,
C0160,2025-04-21 13:42:56.602261,A105,Team_4,S13,Start>Account,876,False,False,My internet isn’t working,CUST7955,positive,True,
C0161,2025-04-05 16:39:09.658898,A109,Team_3,S10,Start>TechSupport>Agent,395,False,True,I can't log in,CUST8305,neutral,False,
C0162,2025-04-01 18:07:09.765193,A122,Team_4,S12,Start>Sales,103,False,False,Where is my refund?,CUST8126,positive,True,no_match
C0163,2025-04-28 04:26:47.930649,A121,Team_4,S12,Start>Agent,880,True,True,I need help with my bill,CUST3339,negative,False,
C0164,2025-04-19 16:00:00.719043,A104,Team_1,S11,Start>Account,430,False,False,Where is my refund?,CUST1530,neutral,False,complex_request
C0165,2025-04-18 10:32:30.863794,A111,Team_4,S10,Start>Billing,602,False,False,How do I change my plan?,CUST6150,neutral,True,no_match
C0166,2025-04-17 12:27:19.065647,A100,Team_2,S13,Start>Agent,456,True,True,I can't log in,CUST5264,neutral,True,
C0167,2025-04-11 15:24:21.603055,A122,Team_4,S11,Start>TechSupport>Agent,198,True,True,Can I cancel my service?,CUST3828,negative,False,
C0168,2025-04-04 19:18:57.701614,A125,Team_3,S12,Start>TechSupport>Agent,623,False,True,I can't log in,CUST3580,neutral,True,
C0169,2025-04-04 14:45:59.666492,A116,Team_2,S10,Start>TechSupport,871,True,False,I want to update my account details,CUST9094,positive,False,ambiguous_query
C0170,2025-04-19 19:08:47.114011,A125,Team_5,S11,Start>TechSupport>Agent,127,False,True,How do I change my plan?,CUST8842,neutral,False,
C0171,2025-04-09 03:15:20.761183,A104,Team_3,S10,Start>Sales,537,False,False,What is this extra charge?,CUST3981,neutral,True,ambiguous_query
C0172,2025-04-09 15:43:43.797888,A116,Team_1,S10,Start>Agent,216,False,True,What is this extra charge?,CUST3653,positive,True,
C0173,2025-04-17 19:55:43.265456,A116,Team_3,S10,Start>Account>Agent,261,False,True,What is this extra charge?,CUST5961,neutral,True,
C0174,2025-04-25 16:36:58.286746,A118,Team_5,S11,Start>Billing,734,False,False,Where is my refund?,CUST1674,negative,True,no_match
C0175,2025-04-02 20:07:52.429005,A101,Team_5,S12,Start>TechSupport,845,False,False,Where is my refund?,CUST1496,neutral,False,complex_request
C0176,2025-04-07 00:40:53.275379,A115,Team_2,S13,Start>Account>Agent,524,True,True,I need help with my bill,CUST3589,neutral,False,
C0177,2025-04-04 04:58:41.394857,A106,Team_3,S14,Start>Billing,380,False,False,I want to talk to a human,CUST7532,positive,False,
C0178,2025-04-30 18:01:20.215420,A117,Team_1,S12,Start>TechSupport,537,True,False,I can't log in,CUST8366,positive,True,no_match
C0179,2025-04-17 12:39:46.904507,A109,Team_4,S14,Start>Sales>Agent,314,True,True,I want to talk to a human,CUST6123,positive,True,
C0180,2025-04-25 08:29:37.763256,A116,Team_4,S13,Start>Account>Agent,569,True,True,My internet isn’t working,CUST7442,neutral,True,
C0181,2025-04-05 16:09:50.215437,A118,Team_3,S10,Start>Billing>Agent,348,False,True,Where is my refund?,CUST8710,positive,True,
C0182,2025-04-21 16:49:54.394742,A113,Team_2,S12,Start>Account,842,False,False,I want to talk to a human,CUST1741,neutral,True,complex_request
C0183,2025-04-09 00:45:30.257694,A117,Team_3,S10,Start>Sales>Agent,576,False,True,My service is down,CUST5582,negative,True,
C0184,2025-04-22 23:45:18.606788,A103,Team_4,S12,Start>Account,631,False,False,What is this extra charge?,CUST4261,neutral,False,
C0185,2025-04-21 07:43:59.032952,A101,Team_1,S10,Start>Billing,790,False,False,Can I cancel my service?,CUST9508,neutral,True,complex_request
C0186,2025-04-11 22:12:32.765085,A129,Team_5,S12,Start>Billing,462,False,False,Where is my refund?,CUST6511,neutral,False,
C0187,2025-04-21 04:15:18.204206,A109,Team_4,S10,Start>Account,399,True,False,How do I change my plan?,CUST6040,neutral,True,
C0188,2025-04-10 15:55:38.817779,A115,Team_3,S14,Start>TechSupport,798,True,False,Where is my refund?,CUST8871,positive,False,no_input
C0189,2025-04-09 05:11:45.198350,A126,Team_2,S10,Start>TechSupport>Agent,255,True,True,Can I cancel my service?,CUST6139,neutral,False,
C0190,2025-04-17 03:43:47.522575,A113,Team_5,S14,Start>Sales,813,True,False,What is this extra charge?,CUST9498,positive,False,ambiguous_query
C0191,2025-04-28 18:27:10.917693,A116,Team_4,S12,Start>Billing,530,False,False,My service is down,CUST6804,neutral,False,
C0192,2025-04-03 00:42:01.775639,A115,Team_2,S11,Start>Account>Agent,631,False,True,I want to update my account details,CUST5876,neutral,True,
C0193,2025-04-10 19:02:32.889262,A110,Team_4,S12,Start>Agent,874,False,True,I can't log in,CUST2996,neutral,False,
C0194,2025-04-05 04:58:12.875446,A126,Team_3,S11,Start>Account>Agent,103,False,True,My internet isn’t working,CUST6674,negative,False,
C0195,2025-04-02 11:23:31.492237,A106,Team_2,S14,Start>Account>Agent,635,False,True,What is this extra charge?,CUST2789,neutral,True,
C0196,2025-04-17 23:12:59.039261,A101,Team_5,S11,Start>TechSupport,113,True,False,How do I change my plan?,CUST6411,neutral,True,no_input
C0197,2025-04-04 09:38:36.224175,A100,Team_5,S11,Start>Sales>Agent,728,False,True,Can I cancel my service?,CUST4267,neutral,False,
C0198,2025-04-13 11:22:25.249008,A109,Team_1,S10,Start>TechSupport,607,True,False,What is this extra charge?,CUST7846,negative,True,no_match
C0199,2025-04-14 16:08:41.775280,A126,Team_4,S13,Start>Billing,826,False,False,I need help with my bill,CUST1151,positive,True,complex_request
C0200,2025-04-08 15:17:48.125223,A109,Team_4,S14,Start>Agent,565,True,True,My service is down,CUST8668,positive,True,
C0201,2025-04-04 13:04:50.204220,A105,Team_4,S12,Start>Billing,74,False,False,I can't log in,CUST4164,positive,False,ambiguous_query
C0202,2025-04-16 20:19:48.630680,A116,Team_3,S10,Start>Sales>Agent,745,True,True,What is this extra charge?,CUST3303,neutral,True,
C0203,2025-04-24 14:30:50.426158,A108,Team_4,S11,Start>Sales,831,False,False,I want to talk to a human,CUST5947,neutral,True,complex_request
C0204,2025-04-01 18:00:20.594087,A120,Team_3,S11,Start>Billing>Agent,743,True,True,Can I cancel my service?,CUST6026,positive,False,
C0205,2025-04-14 23:45:35.121115,A120,Team_3,S12,Start>TechSupport,284,True,False,Can I cancel my service?,CUST3509,neutral,False,ambiguous_query
C0206,2025-04-25 11:12:49.274842,A122,Team_5,S13,Start>Agent,881,True,True,I want to update my account details,CUST2341,neutral,False,
C0207,2025-04-18 05:07:45.790742,A129,Team_5,S10,Start>Billing>Agent,620,True,True,Where is my refund?,CUST9792,positive,False,
C0208,2025-04-24 08:26:08.341328,A103,Team_2,S14,Start>Sales,153,False,False,I need help with my bill,CUST8429,positive,False,ambiguous_query
C0209,2025-04-12 09:05:23.946382,A118,Team_1,S14,Start>Sales,748,False,False,I need help with my bill,CUST7487,positive,True,no_input
C0210,2025-04-16 20:19:58.563720,A118,Team_1,S10,Start>Sales>Agent,412,True,True,My service is down,CUST1987,negative,True,
C0211,2025-04-14 09:45:12.549094,A101,Team_3,S13,Start>Billing,847,True,False,How do I change my plan?,CUST7135,negative,False,ambiguous_query
C0212,2025-04-04 14:07:46.075579,A127,Team_4,S13,Start>TechSupport>Agent,759,True,True,I want to talk to a human,CUST2943,positive,False,
C0213,2025-04-24 06:23:55.111654,A123,Team_2,S10,Start>Billing>Agent,365,False,True,My service is down,CUST7948,neutral,True,
C0214,2025-04-14 21:06:11.261497,A114,Team_3,S11,Start>Account>Agent,253,True,True,I need help with my bill,CUST7868,neutral,True,
C0215,2025-04-19 14:41:44.325651,A106,Team_1,S10,Start>Billing>Agent,517,True,True,I want to update my account details,CUST1724,neutral,True,
C0216,2025-04-17 12:45:01.080368,A124,Team_1,S11,Start>Agent,356,True,True,Where is my refund?,CUST6224,neutral,False,
C0217,2025-04-27 15:11:45.238224,A109,Team_2,S14,Start>TechSupport,483,False,False,I can't log in,CUST1998,neutral,True,ambiguous_query
C0218,2025-04-04 06:13:31.517368,A117,Team_4,S10,Start>Account,718,False,False,My service is down,CUST6222,neutral,False,no_input
C0219,2025-04-25 01:01:33.322765,A109,Team_4,S11,Start>Agent,544,True,True,I want to update my account details,CUST5927,negative,True,
C0220,2025-04-24 09:12:50.705062,A129,Team_1,S14,Start>Sales>Agent,486,True,True,How do I change my plan?,CUST4978,positive,False,
C0221,2025-04-21 07:12:03.569867,A129,Team_4,S12,Start>TechSupport>Agent,608,True,True,I need help with my bill,CUST5398,positive,True,
C0222,2025-04-14 18:50:59.825048,A106,Team_5,S14,Start>TechSupport,550,True,False,I want to talk to a human,CUST5967,negative,True,no_input
C0223,2025-04-07 21:41:29.058262,A129,Team_2,S10,Start>Sales,308,True,False,How do I change my plan?,CUST4921,neutral,False,ambiguous_query
C0224,2025-04-22 11:28:32.801648,A114,Team_5,S12,Start>Account>Agent,327,False,True,My service is down,CUST9147,neutral,False,
C0225,2025-04-17 13:08:59.255156,A129,Team_2,S12,Start>Account,483,True,False,Where is my refund?,CUST4625,neutral,True,complex_request
C0226,2025-04-18 23:44:07.110417,A117,Team_5,S14,Start>Sales>Agent,362,True,True,I want to update my account details,CUST6404,positive,True,
C0227,2025-04-14 18:09:33.558606,A117,Team_3,S12,Start>Sales,800,False,False,Can I cancel my service?,CUST3756,neutral,False,no_input
C0228,2025-04-09 01:48:53.518243,A104,Team_5,S13,Start>Billing,615,True,False,My service is down,CUST1554,negative,True,no_match
C0229,2025-04-03 05:16:12.604827,A124,Team_1,S13,Start>Billing,705,True,False,My internet isn’t working,CUST3474,positive,False,complex_request
C0230,2025-04-18 02:37:52.557646,A101,Team_5,S14,Start>Sales,735,False,False,I need help with my bill,CUST1108,neutral,False,no_match
C0231,2025-04-29 22:31:17.804924,A100,Team_5,S12,Start>Agent,353,True,True,My service is down,CUST8054,negative,True,
C0232,2025-04-17 11:50:55.933273,A129,Team_1,S14,Start>Billing,306,True,False,Where is my refund?,CUST9625,positive,False,complex_request
C0233,2025-04-06 01:25:09.388714,A125,Team_4,S10,Start>Account,475,False,False,Where is my refund?,CUST4984,negative,True,complex_request
C0234,2025-04-24 01:54:28.353507,A121,Team_1,S10,Start>TechSupport>Agent,475,False,True,How do I change my plan?,CUST8798,positive,True,
C0235,2025-04-11 14:14:40.124261,A102,Team_4,S13,Start>Account,639,True,False,My service is down,CUST1697,positive,False,complex_request
C0236,2025-04-20 23:41:16.553151,A101,Team_1,S12,Start>Agent,637,True,True,What is this extra charge?,CUST6152,positive,True,
C0237,2025-04-09 15:16:47.878844,A124,Team_4,S10,Start>Account>Agent,226,True,True,Where is my refund?,CUST7375,neutral,False,
C0238,2025-04-01 17:23:42.214015,A124,Team_2,S10,Start>Agent,823,False,True,I need help with my bill,CUST2600,neutral,True,
C0239,2025-04-26 22:00:39.727486,A119,Team_5,S14,Start>Sales>Agent,852,False,True,I need help with my bill,CUST5478,neutral,False,
C0240,2025-04-05 18:39:43.823116,A107,Team_3,S14,Start>Sales>Agent,502,True,True,Where is my refund?,CUST7227,positive,False,
C0241,2025-04-10 18:56:20.013944,A122,Team_1,S10,Start>Account>Agent,217,False,True,What is this extra charge?,CUST7383,positive,True,
C0242,2025-04-05 21:06:54.116406,A100,Team_3,S13,Start>Account,839,False,False,My internet isn’t working,CUST3170,positive,False,ambiguous_query
C0243,2025-04-04 09:33:07.238295,A117,Team_5,S14,Start>Sales>Agent,165,True,True,My internet isn’t working,CUST6798,neutral,False,
C0244,2025-04-17 09:08:23.251192,A100,Team_3,S13,Start>Sales>Agent,857,True,True,My service is down,CUST4977,neutral,True,
C0245,2025-04-27 06:52:16.914829,A105,Team_2,S12,Start>Account>Agent,334,False,True,What is this extra charge?,CUST2036,positive,False,
C0246,2025-04-15 15:25:49.307609,A109,Team_4,S10,Start>Account,317,True,False,Can I cancel my service?,CUST4203,neutral,True,complex_request
C0247,2025-04-14 00:55:11.405842,A100,Team_4,S12,Start>Sales>Agent,883,False,True,Can I cancel my service?,CUST6484,neutral,True,
C0248,2025-04-23 13:30:44.165443,A110,Team_5,S11,Start>Sales,381,True,False,How do I change my plan?,CUST6228,positive,False,
C0249,2025-04-21 21:50:36.693337,A125,Team_2,S12,Start>Sales>Agent,347,False,True,I want to talk to a human,CUST2865,negative,True,
C0250,2025-04-04 22:02:10.942058,A121,Team_5,S10,Start>Sales,785,True,False,Can I cancel my service?,CUST5773,negative,True,ambiguous_query
C0251,2025-04-18 17:34:56.006072,A121,Team_4,S11,Start>Account>Agent,307,False,True,What is this extra charge?,CUST7932,neutral,True,
C0252,2025-04-11 21:31:58.515125,A119,Team_4,S14,Start>Sales>Agent,607,False,True,My service is down,CUST1602,neutral,False,
C0253,2025-04-24 09:27:58.070618,A103,Team_2,S12,Start>Billing,722,True,False,Where is my refund?,CUST7547,negative,False,ambiguous_query
C0254,2025-04-26 12:16:26.730599,A103,Team_1,S10,Start>Account>Agent,287,True,True,Can I cancel my service?,CUST7129,positive,True,
C0255,2025-04-11 00:18:07.993868,A100,Team_4,S10,Start>Account>Agent,485,True,True,My internet isn’t working,CUST3321,positive,False,
C0256,2025-04-03 11:56:44.411985,A125,Team_2,S14,Start>Sales,416,False,False,My internet isn’t working,CUST8178,neutral,False,complex_request
C0257,2025-04-11 13:19:26.440340,A102,Team_3,S10,Start>TechSupport>Agent,83,False,True,My internet isn’t working,CUST3692,negative,True,
C0258,2025-04-02 02:12:43.954088,A117,Team_2,S12,Start>Agent,496,False,True,I want to update my account details,CUST7636,neutral,True,
C0259,2025-04-30 05:01:10.527161,A112,Team_1,S14,Start>TechSupport,520,False,False,How do I change my plan?,CUST1072,neutral,True,complex_request
C0260,2025-04-27 18:50:36.132254,A124,Team_1,S14,Start>TechSupport>Agent,878,True,True,I want to talk to a human,CUST6340,positive,True,
C0261,2025-04-01 19:47:55.434439,A121,Team_4,S14,Start>Account,671,False,False,Where is my refund?,CUST7431,neutral,False,complex_request
C0262,2025-04-24 12:03:39.695007,A127,Team_4,S14,Start>Billing,893,False,False,Where is my refund?,CUST2388,neutral,False,no_match
C0263,2025-04-24 21:41:55.982952,A107,Team_3,S10,Start>Billing,442,True,False,My service is down,CUST7364,neutral,True,
C0264,2025-04-13 04:29:09.152111,A112,Team_4,S11,Start>Sales,710,True,False,My service is down,CUST3733,neutral,True,no_input
C0265,2025-04-24 16:21:21.767453,A110,Team_4,S14,Start>Billing>Agent,427,True,True,Can I cancel my service?,CUST3236,positive,False,
C0266,2025-04-26 01:14:21.118485,A113,Team_4,S13,Start>Sales,560,True,False,My internet isn’t working,CUST1505,neutral,True,complex_request
C0267,2025-04-30 01:08:28.974732,A101,Team_3,S11,Start>Agent,355,True,True,Can I cancel my service?,CUST9115,neutral,True,
C0268,2025-04-18 07:25:58.982923,A108,Team_5,S12,Start>Agent,834,True,True,Can I cancel my service?,CUST9951,positive,False,
C0269,2025-04-09 12:15:22.923800,A123,Team_2,S12,Start>Billing>Agent,520,False,True,I want to talk to a human,CUST2425,neutral,True,
C0270,2025-04-03 03:29:17.026535,A106,Team_5,S12,Start>Sales>Agent,229,True,True,I want to update my account details,CUST4390,negative,False,
C0271,2025-04-28 22:52:16.282837,A119,Team_5,S11,Start>Account,780,False,False,I can't log in,CUST5380,negative,True,no_input
C0272,2025-04-27 11:22:16.957306,A124,Team_4,S10,Start>Account>Agent,731,True,True,What is this extra charge?,CUST5090,positive,False,
C0273,2025-04-06 20:05:28.447206,A124,Team_4,S13,Start>Billing,651,False,False,How do I change my plan?,CUST7146,neutral,True,ambiguous_query
C0274,2025-04-17 17:44:01.491724,A116,Team_3,S12,Start>Sales,559,False,False,Where is my refund?,CUST1040,negative,True,ambiguous_query
C0275,2025-04-10 06:48:16.729175,A120,Team_3,S10,Start>Agent,467,True,True,How do I change my plan?,CUST4470,neutral,False,
C0276,2025-04-21 20:47:39.910729,A110,Team_5,S14,Start>Billing,639,False,False,I want to talk to a human,CUST1793,positive,False,no_match
C0277,2025-04-21 10:45:44.420306,A103,Team_2,S13,Start>Sales,60,False,False,I want to update my account details,CUST3161,negative,False,no_input
C0278,2025-04-06 12:14:42.149017,A127,Team_3,S10,Start>Account,316,True,False,I want to talk to a human,CUST3711,positive,False,no_input
C0279,2025-04-24 20:04:03.897656,A113,Team_1,S10,Start>Billing>Agent,278,False,True,My internet isn’t working,CUST3174,neutral,False,
C0280,2025-04-26 03:01:53.465441,A100,Team_3,S10,Start>Sales>Agent,770,True,True,Can I cancel my service?,CUST2160,positive,True,
C0281,2025-04-10 18:30:44.629570,A103,Team_3,S12,Start>Account>Agent,200,False,True,What is this extra charge?,CUST3340,positive,True,
C0282,2025-04-24 04:42:51.429030,A114,Team_3,S11,Start>Billing,481,False,False,I want to update my account details,CUST2420,negative,True,no_match
C0283,2025-04-30 21:37:45.156555,A118,Team_4,S12,Start>Sales>Agent,382,True,True,I want to update my account details,CUST5537,neutral,True,
C0284,2025-04-15 06:07:28.043919,A124,Team_1,S12,Start>TechSupport,590,True,False,How do I change my plan?,CUST5842,neutral,True,ambiguous_query
C0285,2025-04-11 11:32:09.694652,A112,Team_1,S11,Start>Sales,713,True,False,My service is down,CUST1197,negative,False,no_input
C0286,2025-04-15 13:56:33.203337,A112,Team_5,S13,Start>Account,619,True,False,Can I cancel my service?,CUST2195,positive,True,no_match
C0287,2025-04-24 03:56:59.688434,A108,Team_2,S10,Start>Billing>Agent,868,False,True,My service is down,CUST5693,neutral,False,
C0288,2025-04-26 07:13:32.676909,A122,Team_4,S10,Start>Agent,610,True,True,I can't log in,CUST2369,positive,True,
C0289,2025-04-05 14:13:47.312112,A117,Team_3,S13,Start>TechSupport>Agent,377,False,True,I want to update my account details,CUST1948,positive,False,
C0290,2025-04-09 21:05:23.675202,A114,Team_5,S14,Start>Billing>Agent,376,True,True,My internet isn’t working,CUST1207,neutral,True,
C0291,2025-04-27 19:00:07.785120,A115,Team_3,S14,Start>Agent,861,False,True,What is this extra charge?,CUST7092,positive,False,
C0292,2025-04-18 05:58:48.947243,A124,Team_1,S12,Start>Sales>Agent,338,True,True,I can't log in,CUST2262,neutral,False,
C0293,2025-04-01 18:25:39.991557,A115,Team_5,S11,Start>Account,221,False,False,My internet isn’t working,CUST2889,positive,True,no_match
C0294,2025-04-30 00:44:40.373002,A127,Team_1,S11,Start>Billing>Agent,543,False,True,How do I change my plan?,CUST3458,positive,True,
C0295,2025-04-27 16:37:31.793686,A107,Team_3,S11,Start>Sales>Agent,797,False,True,I can't log in,CUST2276,neutral,True,
C0296,2025-04-23 08:08:25.429862,A105,Team_2,S14,Start>Billing>Agent,470,True,True,Can I cancel my service?,CUST5625,neutral,False,
C0297,2025-04-05 19:58:35.753196,A102,Team_5,S13,Start>Billing>Agent,437,True,True,I can't log in,CUST5979,neutral,True,
C0298,2025-04-22 11:16:18.509175,A111,Team_5,S13,Start>TechSupport,810,True,False,What is this extra charge?,CUST1104,negative,True,no_input
C0299,2025-04-22 04:31:12.232053,A117,Team_3,S10,Start>Account,61,False,False,I can't log in,CUST2703,positive,True,ambiguous_query
C0300,2025-04-27 04:50:30.280940,A115,Team_1,S11,Start>Account>Agent,155,True,True,I want to update my account details,CUST9515,neutral,False,
C0301,2025-04-16 14:51:54.435322,A123,Team_1,S14,Start>TechSupport>Agent,577,True,True,How do I change my plan?,CUST2226,neutral,True,
C0302,2025-04-21 17:13:55.396872,A121,Team_2,S11,Start>Account>Agent,327,False,True,How do I change my plan?,CUST6345,positive,False,
C0303,2025-04-27 02:56:28.069528,A102,Team_2,S11,Start>TechSupport>Agent,219,True,True,What is this extra charge?,CUST8365,neutral,False,
C0304,2025-04-25 19:51:15.846849,A117,Team_3,S11,Start>Sales,375,False,False,I can't log in,CUST2964,positive,False,
C0305,2025-04-11 06:59:40.641272,A101,Team_2,S12,Start>Billing,153,True,False,I want to talk to a human,CUST7492,neutral,False,complex_request
C0306,2025-04-10 21:33:24.182759,A126,Team_2,S10,Start>Sales>Agent,523,True,True,My internet isn’t working,CUST8570,positive,True,
C0307,2025-04-12 03:25:03.191434,A100,Team_1,S11,Start>Billing,262,False,False,I want to talk to a human,CUST2376,neutral,False,no_match
C0308,2025-04-29 23:32:20.035968,A100,Team_1,S11,Start>Sales,888,True,False,My internet isn’t working,CUST6432,positive,False,no_match
C0309,2025-04-29 01:13:36.560546,A105,Team_5,S13,Start>Sales>Agent,568,True,True,How do I change my plan?,CUST7990,positive,True,
C0310,2025-04-30 07:52:07.067995,A108,Team_3,S13,Start>Billing,95,True,False,I can't log in,CUST9173,neutral,False,no_match
C0311,2025-04-28 22:08:40.763636,A102,Team_3,S13,Start>Billing,489,True,False,My service is down,CUST5082,neutral,True,ambiguous_query
C0312,2025-04-29 11:28:10.466225,A125,Team_3,S13,Start>Agent,860,False,True,I want to talk to a human,CUST9231,positive,False,
C0313,2025-04-29 13:57:49.664586,A100,Team_3,S14,Start>TechSupport,90,False,False,I need help with my bill,CUST8728,neutral,True,no_input
C0314,2025-04-03 01:42:28.791245,A103,Team_2,S11,Start>Account>Agent,606,True,True,I want to update my account details,CUST7363,positive,True,
C0315,2025-04-30 08:44:12.895706,A107,Team_5,S12,Start>Account,665,True,False,I want to talk to a human,CUST3328,neutral,True,ambiguous_query
C0316,2025-04-29 06:17:24.770689,A117,Team_3,S11,Start>Sales,98,True,False,I need help with my bill,CUST4811,neutral,True,
C0317,2025-04-30 15:29:24.896366,A115,Team_1,S12,Start>TechSupport,885,True,False,I want to talk to a human,CUST3907,negative,False,no_match
C0318,2025-04-04 21:54:28.812285,A100,Team_2,S14,Start>Billing,852,True,False,My service is down,CUST6978,negative,False,ambiguous_query
C0319,2025-04-16 23:47:29.404989,A118,Team_1,S12,Start>Account>Agent,390,True,True,What is this extra charge?,CUST8157,neutral,False,
C0320,2025-04-03 01:01:18.313353,A105,Team_5,S14,Start>Account,288,True,False,How do I change my plan?,CUST6026,neutral,False,no_input
C0321,2025-04-28 17:51:30.717256,A105,Team_1,S14,Start>Sales>Agent,849,True,True,What is this extra charge?,CUST6213,negative,True,
C0322,2025-04-16 10:41:24.674968,A129,Team_4,S11,Start>Account,823,True,False,I want to update my account details,CUST6682,negative,True,no_match
C0323,2025-04-19 22:21:27.839228,A126,Team_3,S13,Start>Billing>Agent,331,True,True,I want to update my account details,CUST2110,positive,True,
C0324,2025-04-28 13:16:09.091622,A101,Team_4,S13,Start>Sales>Agent,230,False,True,Can I cancel my service?,CUST7204,positive,False,
C0325,2025-04-16 15:49:14.537124,A126,Team_4,S14,Start>TechSupport,226,False,False,My internet isn’t working,CUST1547,positive,False,complex_request
C0326,2025-04-20 12:23:03.114276,A103,Team_1,S12,Start>Billing,444,True,False,My internet isn’t working,CUST9962,negative,True,complex_request
C0327,2025-04-07 08:51:21.511269,A119,Team_5,S13,Start>Billing>Agent,501,True,True,Where is my refund?,CUST8113,positive,True,
C0328,2025-04-30 10:58:01.472798,A106,Team_2,S13,Start>Agent,799,False,True,I can't log in,CUST5872,positive,True,
C0329,2025-04-24 00:07:45.837907,A118,Team_5,S13,Start>Billing,115,False,False,I need help with my bill,CUST8005,positive,False,no_input
C0330,2025-04-02 04:38:03.715221,A103,Team_1,S11,Start>Billing,713,False,False,My internet isn’t working,CUST8758,negative,False,ambiguous_query
C0331,2025-04-08 21:50:47.973480,A115,Team_4,S12,Start>TechSupport>Agent,717,False,True,What is this extra charge?,CUST7078,negative,False,
C0332,2025-04-21 06:22:47.476989,A114,Team_1,S12,Start>Sales,536,False,False,I want to update my account details,CUST5400,neutral,True,no_match
C0333,2025-04-26 21:20:27.352344,A102,Team_3,S14,Start>Sales>Agent,834,True,True,My service is down,CUST1999,negative,False,
C0334,2025-04-17 21:13:05.108406,A118,Team_2,S13,Start>Account>Agent,140,False,True,I need help with my bill,CUST9226,neutral,True,
C0335,2025-04-02 13:45:19.700790,A124,Team_4,S11,Start>Billing,276,True,False,What is this extra charge?,CUST1699,neutral,False,no_input
C0336,2025-04-24 08:05:52.517899,A126,Team_2,S14,Start>Account>Agent,387,True,True,My internet isn’t working,CUST7358,neutral,False,
C0337,2025-04-20 07:34:40.216522,A116,Team_4,S10,Start>Agent,860,False,True,My internet isn’t working,CUST7790,positive,True,
C0338,2025-04-17 20:39:02.679644,A118,Team_1,S12,Start>Agent,412,False,True,I can't log in,CUST7275,neutral,False,
C0339,2025-04-07 04:28:30.851930,A105,Team_3,S13,Start>Billing,693,False,False,I need help with my bill,CUST7484,negative,False,no_input
C0340,2025-04-27 08:51:36.729470,A101,Team_4,S12,Start>Account,80,False,False,I can't log in,CUST6094,positive,False,no_match
C0341,2025-04-26 05:08:04.414942,A127,Team_2,S11,Start>Account>Agent,821,False,True,I want to talk to a human,CUST5414,neutral,True,
C0342,2025-04-10 01:38:36.028987,A114,Team_2,S13,Start>Sales,837,False,False,I need help with my bill,CUST9442,neutral,True,complex_request
C0343,2025-04-06 10:39:04.631140,A122,Team_5,S13,Start>Billing,859,True,False,What is this extra charge?,CUST4158,negative,True,no_match
C0344,2025-04-26 14:15:00.283122,A107,Team_1,S13,Start>Billing>Agent,429,True,True,I can't log in,CUST7035,negative,False,
C0345,2025-04-02 11:50:27.260630,A121,Team_1,S11,Start>Account,560,False,False,What is this extra charge?,CUST8775,neutral,False,complex_request
C0346,2025-04-26 00:11:19.139564,A105,Team_3,S10,Start>Account>Agent,88,False,True,I need help with my bill,CUST3669,negative,True,
C0347,2025-04-04 13:20:04.865624,A120,Team_2,S11,Start>Account>Agent,727,False,True,My service is down,CUST1328,negative,True,
C0348,2025-04-08 07:42:57.191983,A129,Team_2,S11,Start>Billing>Agent,289,False,True,Where is my refund?,CUST6004,neutral,False,
C0349,2025-04-21 13:08:37.911544,A128,Team_4,S12,Start>Sales,318,True,False,Can I cancel my service?,CUST5950,neutral,False,
C0350,2025-04-26 07:26:27.010369,A103,Team_1,S14,Start>Account,634,False,False,I can't log in,CUST2771,neutral,False,complex_request
C0351,2025-04-08 21:59:40.447618,A120,Team_3,S12,Start>Account>Agent,731,False,True,I want to update my account details,CUST3456,neutral,True,
C0352,2025-04-03 17:29:29.610121,A125,Team_5,S13,Start>Account,757,True,False,I need help with my bill,CUST9148,negative,False,ambiguous_query
C0353,2025-04-27 00:53:28.538248,A112,Team_4,S10,Start>TechSupport,411,True,False,My service is down,CUST8794,negative,False,
C0354,2025-04-25 07:22:36.586915,A109,Team_2,S14,Start>Billing,360,True,False,Can I cancel my service?,CUST3096,neutral,True,complex_request
C0355,2025-04-17 19:03:49.428744,A120,Team_1,S11,Start>Account,288,False,False,How do I change my plan?,CUST6428,positive,False,ambiguous_query
C0356,2025-04-22 01:59:26.724866,A127,Team_1,S13,Start>Billing>Agent,709,True,True,Can I cancel my service?,CUST4187,neutral,False,
C0357,2025-04-12 22:16:01.649245,A113,Team_1,S11,Start>Billing,265,False,False,How do I change my plan?,CUST8496,positive,True,no_match
C0358,2025-04-05 22:49:43.398452,A115,Team_3,S11,Start>Account,709,True,False,I need help with my bill,CUST8406,positive,True,
C0359,2025-04-14 10:25:56.998924,A124,Team_2,S13,Start>TechSupport>Agent,192,False,True,How do I change my plan?,CUST7609,neutral,False,
C0360,2025-04-03 03:34:39.854370,A100,Team_1,S14,Start>TechSupport,808,False,False,I need help with my bill,CUST6279,neutral,True,no_match
C0361,2025-04-30 09:35:04.070568,A121,Team_1,S11,Start>TechSupport,770,False,False,I can't log in,CUST3112,positive,False,no_input
C0362,2025-04-04 18:16:03.193584,A102,Team_1,S12,Start>Account>Agent,526,False,True,How do I change my plan?,CUST3192,positive,False,
C0363,2025-04-04 10:04:15.689497,A124,Team_2,S11,Start>Sales>Agent,79,True,True,I want to update my account details,CUST3149,positive,True,
C0364,2025-04-03 06:42:57.738166,A103,Team_3,S10,Start>Sales>Agent,715,False,True,My service is down,CUST1796,neutral,True,
C0365,2025-04-21 01:12:09.601325,A120,Team_1,S10,Start>TechSupport>Agent,486,False,True,How do I change my plan?,CUST3024,neutral,False,
C0366,2025-04-23 10:41:42.166337,A106,Team_1,S12,Start>Sales>Agent,737,True,True,My service is down,CUST5423,neutral,True,
C0367,2025-04-16 10:55:38.223004,A126,Team_1,S14,Start>TechSupport>Agent,349,True,True,My internet isn’t working,CUST9154,positive,True,
C0368,2025-04-26 23:34:00.990570,A126,Team_5,S11,Start>Account,780,False,False,I can't log in,CUST3627,positive,False,no_input
C0369,2025-04-24 18:43:07.202268,A122,Team_4,S12,Start>TechSupport,62,True,False,My internet isn’t working,CUST2809,negative,False,no_input
C0370,2025-04-22 20:50:28.927126,A102,Team_5,S10,Start>TechSupport>Agent,322,True,True,Can I cancel my service?,CUST5850,positive,True,
C0371,2025-04-09 22:21:41.913230,A126,Team_2,S10,Start>Account>Agent,428,False,True,How do I change my plan?,CUST2898,positive,True,
C0372,2025-04-29 22:49:04.876216,A127,Team_2,S11,Start>Account,426,False,False,Where is my refund?,CUST5395,negative,True,complex_request
C0373,2025-04-14 08:12:31.429368,A126,Team_3,S11,Start>TechSupport>Agent,470,False,True,Can I cancel my service?,CUST5453,negative,False,
C0374,2025-04-09 18:53:56.154115,A120,Team_2,S10,Start>Billing,772,True,False,What is this extra charge?,CUST2699,neutral,False,
C0375,2025-04-26 22:28:18.633795,A121,Team_4,S11,Start>Sales>Agent,857,False,True,Where is my refund?,CUST1472,negative,True,
C0376,2025-04-25 17:58:25.817784,A129,Team_4,S10,Start>Sales>Agent,511,True,True,My internet isn’t working,CUST5286,neutral,True,
C0377,2025-04-29 15:52:17.150416,A121,Team_3,S14,Start>Agent,764,True,True,How do I change my plan?,CUST5072,neutral,False,
C0378,2025-04-02 22:34:20.322275,A126,Team_5,S14,Start>Billing>Agent,71,True,True,My service is down,CUST8688,negative,True,
C0379,2025-04-03 19:37:58.959813,A124,Team_4,S12,Start>TechSupport,398,False,False,I need help with my bill,CUST9305,positive,False,ambiguous_query
C0380,2025-04-01 15:10:47.321877,A126,Team_2,S10,Start>Sales,514,False,False,My internet isn’t working,CUST9166,neutral,True,ambiguous_query
C0381,2025-04-16 13:34:41.584409,A123,Team_1,S10,Start>Sales>Agent,482,True,True,My service is down,CUST9996,positive,True,
C0382,2025-04-11 00:45:02.475770,A128,Team_5,S14,Start>TechSupport,730,False,False,I want to talk to a human,CUST6953,negative,True,ambiguous_query
C0383,2025-04-16 11:07:04.941883,A110,Team_5,S14,Start>Sales,793,False,False,Can I cancel my service?,CUST2868,positive,True,no_match
C0384,2025-04-16 15:32:57.856791,A110,Team_3,S12,Start>Agent,594,False,True,My internet isn’t working,CUST1750,negative,False,
C0385,2025-04-13 10:01:46.894896,A126,Team_4,S10,Start>Account>Agent,685,True,True,I want to update my account details,CUST2978,negative,False,
C0386,2025-04-26 02:22:31.465342,A114,Team_2,S12,Start>TechSupport>Agent,835,False,True,I need help with my bill,CUST3018,neutral,False,
C0387,2025-04-20 14:23:20.205495,A121,Team_5,S14,Start>Billing,570,True,False,My service is down,CUST1795,neutral,False,
C0388,2025-04-12 07:43:54.597255,A115,Team_5,S11,Start>Billing,808,True,False,My internet isn’t working,CUST7347,neutral,False,
C0389,2025-04-08 20:23:25.974064,A128,Team_4,S13,Start>TechSupport,340,False,False,I want to talk to a human,CUST5819,neutral,True,no_input
C0390,2025-04-02 01:08:04.797694,A113,Team_5,S14,Start>Account>Agent,778,False,True,My service is down,CUST4560,positive,False,
C0391,2025-04-15 08:39:43.243244,A129,Team_2,S11,Start>Agent,615,False,True,My internet isn’t working,CUST6771,neutral,False,
C0392,2025-04-16 13:04:07.561673,A128,Team_4,S10,Start>Agent,169,True,True,How do I change my plan?,CUST3381,positive,True,
C0393,2025-04-06 15:34:50.483922,A108,Team_2,S12,Start>Account>Agent,209,True,True,I can't log in,CUST4342,neutral,True,
C0394,2025-04-11 15:57:00.687082,A126,Team_4,S10,Start>Agent,289,False,True,I want to update my account details,CUST9370,neutral,False,
C0395,2025-05-01 04:08:58.613583,A129,Team_4,S13,Start>Sales>Agent,867,False,True,My service is down,CUST1881,positive,False,
C0396,2025-04-04 10:08:42.144541,A119,Team_4,S11,Start>Account,833,True,False,I want to update my account details,CUST5819,neutral,True,no_input
C0397,2025-04-22 10:02:12.546887,A105,Team_5,S10,Start>Sales>Agent,101,False,True,I can't log in,CUST5329,positive,False,
C0398,2025-04-06 04:48:05.857695,A110,Team_4,S11,Start>Billing>Agent,217,False,True,Where is my refund?,CUST1833,neutral,False,
C0399,2025-04-20 06:18:36.190659,A125,Team_5,S14,Start>Account,134,False,False,My service is down,CUST4603,negative,True,
C0400,2025-04-30 13:20:41.376626,A105,Team_4,S14,Start>Agent,473,True,True,I want to talk to a human,CUST4624,negative,False,
C0401,2025-04-15 02:04:04.588457,A111,Team_3,S11,Start>Agent,546,True,True,My internet isn’t working,CUST6668,neutral,True,
C0402,2025-04-20 03:28:41.394080,A121,Team_3,S13,Start>TechSupport>Agent,455,False,True,My service is down,CUST5633,positive,False,
C0403,2025-04-30 07:10:32.044958,A115,Team_1,S12,Start>TechSupport,388,True,False,My internet isn’t working,CUST3742,negative,True,no_match
C0404,2025-04-27 14:50:04.790926,A106,Team_2,S13,Start>TechSupport>Agent,270,False,True,My internet isn’t working,CUST3519,positive,False,
C0405,2025-04-19 08:27:11.270876,A102,Team_1,S10,Start>Billing,873,False,False,My service is down,CUST2154,neutral,True,complex_request
C0406,2025-04-04 14:29:14.671817,A113,Team_4,S13,Start>Sales>Agent,503,False,True,I need help with my bill,CUST7381,neutral,True,
C0407,2025-04-24 12:35:10.168221,A124,Team_5,S10,Start>TechSupport>Agent,426,True,True,I can't log in,CUST5937,neutral,False,
C0408,2025-04-07 11:10:58.479263,A112,Team_4,S10,Start>Sales,220,True,False,What is this extra charge?,CUST7406,neutral,False,no_input
C0409,2025-04-22 14:51:43.376855,A109,Team_3,S10,Start>Agent,628,True,True,My internet isn’t working,CUST1684,positive,False,
C0410,2025-04-22 13:41:40.925959,A109,Team_2,S12,Start>TechSupport,482,True,False,What is this extra charge?,CUST4014,positive,False,no_input
C0411,2025-04-16 17:39:34.124265,A103,Team_2,S14,Start>Billing>Agent,829,False,True,My service is down,CUST2198,positive,True,
C0412,2025-05-01 01:30:13.848178,A103,Team_2,S14,Start>Sales,398,False,False,What is this extra charge?,CUST4842,positive,True,no_input
C0413,2025-04-03 11:59:16.248624,A110,Team_4,S13,Start>Account,691,False,False,Where is my refund?,CUST3496,neutral,False,complex_request
C0414,2025-04-14 08:47:36.141627,A113,Team_2,S10,Start>Account,312,True,False,How do I change my plan?,CUST5533,negative,True,complex_request
C0415,2025-04-16 15:45:01.424729,A128,Team_4,S13,Start>Sales,427,False,False,Can I cancel my service?,CUST2783,positive,True,complex_request
C0416,2025-04-21 17:16:36.758913,A127,Team_2,S14,Start>TechSupport,329,True,False,My internet isn’t working,CUST1305,negative,True,
C0417,2025-04-29 06:57:40.082185,A118,Team_4,S14,Start>TechSupport,97,False,False,My service is down,CUST9842,neutral,True,complex_request
C0418,2025-04-21 13:09:02.205210,A112,Team_2,S14,Start>Account>Agent,197,False,True,My service is down,CUST9362,positive,False,
C0419,2025-04-13 07:08:41.817858,A121,Team_2,S14,Start>Billing,835,True,False,Can I cancel my service?,CUST3608,positive,True,ambiguous_query
C0420,2025-04-17 18:09:51.090158,A111,Team_1,S11,Start>Sales,297,True,False,I can't log in,CUST7052,positive,True,
C0421,2025-04-08 21:43:13.828626,A129,Team_3,S13,Start>Sales,525,True,False,I need help with my bill,CUST6309,positive,False,complex_request
C0422,2025-04-03 03:08:36.648809,A118,Team_5,S14,Start>Billing,445,False,False,I want to talk to a human,CUST2275,neutral,False,no_input
C0423,2025-04-29 17:13:56.441410,A116,Team_4,S12,Start>Account,558,False,False,Where is my refund?,CUST1108,neutral,True,ambiguous_query
C0424,2025-04-16 07:20:17.770064,A105,Team_2,S10,Start>Agent,718,False,True,I want to update my account details,CUST3461,positive,False,
C0425,2025-04-10 20:32:50.843703,A121,Team_2,S13,Start>Account,797,True,False,Can I cancel my service?,CUST8844,neutral,True,ambiguous_query
C0426,2025-04-15 18:35:27.480660,A100,Team_2,S10,Start>Billing,647,True,False,What is this extra charge?,CUST9399,positive,True,no_match
C0427,2025-05-01 06:18:12.251060,A105,Team_3,S11,Start>Agent,475,True,True,I can't log in,CUST2404,positive,False,
C0428,2025-04-03 16:21:42.940036,A105,Team_2,S13,Start>Billing,873,True,False,Where is my refund?,CUST9369,positive,False,ambiguous_query
C0429,2025-04-21 10:00:31.191612,A119,Team_5,S10,Start>TechSupport,447,False,False,What is this extra charge?,CUST2778,positive,False,no_input
C0430,2025-04-23 22:48:08.501807,A119,Team_1,S11,Start>Sales,689,True,False,My service is down,CUST9246,neutral,True,ambiguous_query
C0431,2025-04-05 03:22:39.630171,A121,Team_2,S14,Start>Agent,61,False,True,My service is down,CUST7892,positive,True,
C0432,2025-04-10 19:29:14.728070,A107,Team_4,S13,Start>Account,663,True,False,How do I change my plan?,CUST3193,positive,True,no_match
C0433,2025-04-13 08:11:43.012029,A109,Team_5,S14,Start>Sales>Agent,323,True,True,I need help with my bill,CUST1116,neutral,True,
C0434,2025-05-01 00:24:02.835419,A112,Team_2,S12,Start>Sales>Agent,430,True,True,What is this extra charge?,CUST7980,neutral,False,
C0435,2025-04-12 14:16:06.148783,A127,Team_5,S13,Start>Account,686,False,False,How do I change my plan?,CUST4337,neutral,False,no_input
C0436,2025-04-18 17:33:24.409887,A111,Team_5,S14,Start>Sales,319,False,False,Where is my refund?,CUST6641,neutral,False,no_input
C0437,2025-04-28 12:13:15.826811,A127,Team_1,S11,Start>Sales,861,True,False,My internet isn’t working,CUST4513,neutral,False,
C0438,2025-04-17 20:01:05.839230,A119,Team_1,S11,Start>Sales>Agent,711,True,True,My internet isn’t working,CUST3381,neutral,False,
C0439,2025-04-26 11:20:41.855371,A102,Team_3,S11,Start>Account,141,True,False,How do I change my plan?,CUST7564,neutral,False,
C0440,2025-04-02 21:55:49.096721,A101,Team_2,S13,Start>Sales,70,True,False,My service is down,CUST5685,positive,True,
C0441,2025-04-01 15:34:16.948328,A105,Team_1,S12,Start>TechSupport,730,True,False,What is this extra charge?,CUST2422,negative,False,complex_request
C0442,2025-04-26 17:43:09.252500,A121,Team_4,S13,Start>TechSupport,590,True,False,My internet isn’t working,CUST2477,neutral,False,complex_request
C0443,2025-04-06 13:52:20.043567,A126,Team_3,S11,Start>TechSupport,525,False,False,Where is my refund?,CUST1076,positive,False,
C0444,2025-04-17 08:52:19.130905,A103,Team_5,S10,Start>Agent,361,False,True,My internet isn’t working,CUST9409,negative,False,
C0445,2025-04-06 21:22:14.323164,A112,Team_5,S13,Start>TechSupport,835,False,False,Can I cancel my service?,CUST8548,negative,True,ambiguous_query
C0446,2025-04-06 09:19:26.233783,A103,Team_3,S10,Start>Sales>Agent,708,True,True,I want to update my account details,CUST6172,neutral,False,
C0447,2025-04-29 09:34:47.438562,A122,Team_3,S11,Start>Account>Agent,155,False,True,I want to talk to a human,CUST2245,neutral,True,
C0448,2025-04-03 14:25:42.192902,A110,Team_3,S11,Start>Account>Agent,247,True,True,Can I cancel my service?,CUST4271,positive,True,
C0449,2025-04-08 01:55:46.357308,A106,Team_2,S11,Start>TechSupport,693,False,False,What is this extra charge?,CUST2747,positive,True,ambiguous_query
C0450,2025-04-25 15:20:35.488860,A119,Team_1,S14,Start>Billing>Agent,553,False,True,Where is my refund?,CUST6167,neutral,False,
C0451,2025-04-21 21:45:32.377380,A105,Team_5,S12,Start>Sales>Agent,287,True,True,I need help with my bill,CUST9613,neutral,False,
C0452,2025-04-24 06:25:31.978389,A116,Team_3,S13,Start>Billing,528,True,False,My service is down,CUST8537,positive,True,no_match
C0453,2025-04-15 11:04:53.449065,A121,Team_2,S13,Start>TechSupport>Agent,393,False,True,Where is my refund?,CUST5254,positive,False,
C0454,2025-04-22 02:15:03.671085,A108,Team_4,S14,Start>Account,434,True,False,Can I cancel my service?,CUST7945,positive,False,complex_request
C0455,2025-04-27 00:59:10.767345,A127,Team_4,S12,Start>Sales,244,True,False,Where is my refund?,CUST4744,negative,False,no_input
C0456,2025-04-26 01:21:54.430325,A117,Team_4,S13,Start>TechSupport,209,True,False,Can I cancel my service?,CUST1159,positive,False,no_input
C0457,2025-04-12 10:03:01.253201,A128,Team_5,S14,Start>Account,864,False,False,I can't log in,CUST5111,neutral,True,ambiguous_query
C0458,2025-04-09 01:52:26.878539,A103,Team_2,S10,Start>TechSupport,893,False,False,Can I cancel my service?,CUST2577,neutral,False,complex_request
C0459,2025-04-28 00:42:45.097079,A111,Team_3,S14,Start>Agent,889,False,True,I want to talk to a human,CUST1324,neutral,False,
C0460,2025-04-03 18:27:27.031795,A118,Team_5,S14,Start>Billing,859,False,False,I want to talk to a human,CUST6326,neutral,False,ambiguous_query
C0461,2025-04-27 11:45:31.981455,A128,Team_1,S13,Start>Account>Agent,534,True,True,What is this extra charge?,CUST6527,neutral,False,
C0462,2025-04-17 09:28:51.223135,A102,Team_2,S12,Start>TechSupport,381,False,False,I can't log in,CUST5382,neutral,False,complex_request
C0463,2025-04-09 01:05:39.540655,A128,Team_4,S12,Start>Agent,521,False,True,What is this extra charge?,CUST4012,negative,True,
C0464,2025-04-04 06:08:41.791794,A121,Team_3,S10,Start>TechSupport,230,False,False,My internet isn’t working,CUST2565,positive,False,
C0465,2025-04-18 17:35:11.345570,A101,Team_1,S13,Start>Agent,843,True,True,My internet isn’t working,CUST5300,neutral,True,
C0466,2025-04-22 07:37:14.152815,A109,Team_2,S11,Start>Account>Agent,513,True,True,What is this extra charge?,CUST9630,negative,True,
C0467,2025-04-13 08:43:13.818465,A121,Team_3,S12,Start>Sales,538,False,False,My service is down,CUST8288,positive,True,
C0468,2025-04-08 12:50:14.559462,A119,Team_4,S14,Start>Sales>Agent,596,False,True,I want to talk to a human,CUST8891,neutral,True,
C0469,2025-04-30 22:20:04.727588,A109,Team_3,S13,Start>Account>Agent,219,False,True,I need help with my bill,CUST1001,neutral,True,
C0470,2025-04-23 21:32:59.599597,A109,Team_4,S14,Start>Billing>Agent,764,False,True,Can I cancel my service?,CUST5908,positive,False,
C0471,2025-04-09 01:26:49.839363,A119,Team_2,S10,Start>Agent,442,True,True,How do I change my plan?,CUST8161,positive,True,
C0472,2025-04-15 18:54:22.200319,A126,Team_4,S11,Start>Account>Agent,141,False,True,I want to update my account details,CUST9464,neutral,False,
C0473,2025-04-04 10:22:05.046329,A120,Team_5,S12,Start>Sales>Agent,252,True,True,What is this extra charge?,CUST3238,positive,False,
C0474,2025-04-09 04:05:05.471764,A108,Team_5,S13,Start>TechSupport,388,True,False,What is this extra charge?,CUST1813,negative,True,no_input
C0475,2025-04-22 15:05:36.476677,A103,Team_3,S12,Start>Billing,792,False,False,I need help with my bill,CUST4814,positive,True,ambiguous_query
C0476,2025-04-06 05:42:03.748979,A106,Team_3,S13,Start>Account>Agent,864,False,True,I want to talk to a human,CUST8597,neutral,True,
C0477,2025-05-01 02:55:08.824234,A102,Team_2,S10,Start>Account>Agent,854,False,True,My internet isn’t working,CUST9899,neutral,True,
C0478,2025-04-17 09:19:43.567075,A126,Team_4,S10,Start>TechSupport>Agent,846,True,True,How do I change my plan?,CUST8257,positive,True,
C0479,2025-04-12 09:11:17.229185,A114,Team_1,S14,Start>TechSupport,544,False,False,I can't log in,CUST6293,positive,True,
C0480,2025-04-13 22:05:33.817953,A116,Team_1,S12,Start>Sales,713,False,False,I want to update my account details,CUST6905,negative,True,no_match
C0481,2025-04-05 13:46:34.142442,A107,Team_4,S12,Start>Billing>Agent,231,False,True,Where is my refund?,CUST2960,positive,True,
C0482,2025-04-04 02:39:48.187787,A101,Team_5,S13,Start>Billing,440,True,False,I want to update my account details,CUST3583,neutral,False,no_match
C0483,2025-04-21 06:57:30.830712,A101,Team_3,S11,Start>Agent,870,True,True,What is this extra charge?,CUST8992,positive,False,
C0484,2025-04-01 19:13:49.290352,A123,Team_2,S10,Start>Sales>Agent,426,True,True,I can't log in,CUST1646,neutral,False,
C0485,2025-04-20 23:35:10.056387,A117,Team_4,S11,Start>Billing,616,False,False,I want to talk to a human,CUST8674,positive,True,no_match
C0486,2025-04-21 06:13:03.692723,A116,Team_2,S13,Start>Account>Agent,899,False,True,My service is down,CUST7014,neutral,False,
C0487,2025-04-12 08:24:02.766073,A128,Team_1,S14,Start>Account,854,True,False,I want to talk to a human,CUST2037,neutral,False,no_input
C0488,2025-04-12 08:13:51.724509,A116,Team_4,S14,Start>Billing,687,False,False,I want to talk to a human,CUST7714,neutral,True,no_match
C0489,2025-04-06 12:41:11.548515,A116,Team_1,S10,Start>Billing,242,True,False,I want to update my account details,CUST2753,neutral,True,no_match
C0490,2025-04-30 03:57:10.529263,A118,Team_4,S13,Start>Agent,698,False,True,I need help with my bill,CUST7002,positive,True,
C0491,2025-04-21 23:28:47.265980,A129,Team_2,S13,Start>TechSupport>Agent,539,True,True,I want to talk to a human,CUST7814,negative,True,
C0492,2025-04-14 03:43:17.471868,A116,Team_1,S10,Start>Account>Agent,139,True,True,My service is down,CUST2591,positive,True,
C0493,2025-04-03 09:45:08.329610,A106,Team_2,S14,Start>TechSupport,643,True,False,My service is down,CUST7802,neutral,False,ambiguous_query
C0494,2025-04-15 02:14:57.019936,A122,Team_4,S10,Start>Billing,871,True,False,My service is down,CUST7579,neutral,True,
C0495,2025-04-10 07:34:44.635590,A119,Team_4,S12,Start>Account,623,False,False,I want to talk to a human,CUST7755,neutral,False,complex_request
C0496,2025-04-26 02:15:41.715407,A119,Team_2,S14,Start>Agent,279,False,True,My service is down,CUST5162,positive,False,
C0497,2025-04-25 00:12:57.936741,A112,Team_1,S10,Start>Account>Agent,670,True,True,My service is down,CUST3213,negative,False,
C0498,2025-04-22 17:34:31.433127,A109,Team_2,S11,Start>Account,82,False,False,My service is down,CUST9376,neutral,True,no_match
C0499,2025-04-12 19:26:19.049755,A101,Team_4,S12,Start>Billing,201,False,False,I want to talk to a human,CUST5093,positive,False,no_match
C0500,2025-04-20 00:40:52.751680,A118,Team_4,S14,Start>TechSupport,811,True,False,I want to talk to a human,CUST8905,positive,True,
C0501,2025-04-04 00:35:11.917375,A120,Team_3,S10,Start>Sales>Agent,140,True,True,I want to talk to a human,CUST6700,negative,False,
C0502,2025-04-29 11:40:08.570562,A129,Team_1,S11,Start>Billing>Agent,709,False,True,I need help with my bill,CUST5993,neutral,False,
C0503,2025-04-09 09:07:04.356655,A110,Team_5,S11,Start>Billing,111,False,False,Can I cancel my service?,CUST9269,positive,False,complex_request
C0504,2025-04-04 13:19:18.802888,A125,Team_4,S11,Start>Billing,404,True,False,Can I cancel my service?,CUST1807,neutral,False,no_match
C0505,2025-04-30 09:23:26.896880,A112,Team_5,S13,Start>Billing,840,True,False,Can I cancel my service?,CUST4245,neutral,True,
C0506,2025-04-05 15:32:47.768646,A119,Team_5,S11,Start>TechSupport,133,False,False,How do I change my plan?,CUST6298,neutral,True,no_match
C0507,2025-04-07 13:00:35.263922,A121,Team_4,S13,Start>Account,416,True,False,I want to talk to a human,CUST6644,neutral,True,complex_request
C0508,2025-04-09 18:41:43.755820,A105,Team_3,S14,Start>Sales,698,True,False,Can I cancel my service?,CUST1735,negative,True,no_input
C0509,2025-04-16 08:37:47.894461,A121,Team_3,S11,Start>TechSupport>Agent,175,True,True,I want to update my account details,CUST3419,negative,False,
C0510,2025-04-19 15:12:09.728816,A110,Team_1,S12,Start>Sales,542,True,False,I want to talk to a human,CUST4424,neutral,True,no_input
C0511,2025-04-29 05:38:45.306439,A117,Team_5,S12,Start>Agent,554,True,True,I need help with my bill,CUST7170,neutral,True,
C0512,2025-04-29 03:28:09.098181,A105,Team_1,S12,Start>TechSupport,868,False,False,I need help with my bill,CUST8617,neutral,True,no_match
C0513,2025-04-06 01:20:21.890375,A112,Team_3,S12,Start>TechSupport>Agent,79,False,True,How do I change my plan?,CUST4787,negative,True,
C0514,2025-04-30 19:10:13.088152,A115,Team_5,S14,Start>TechSupport>Agent,250,True,True,My service is down,CUST8503,neutral,True,
C0515,2025-04-15 17:38:59.686949,A107,Team_5,S12,Start>Account,561,False,False,What is this extra charge?,CUST1301,positive,False,complex_request
C0516,2025-04-20 01:36:27.475835,A120,Team_3,S11,Start>Agent,342,True,True,I can't log in,CUST7343,negative,True,
C0517,2025-04-07 20:02:06.703840,A107,Team_2,S12,Start>Sales>Agent,732,True,True,My internet isn’t working,CUST7262,neutral,True,
C0518,2025-04-30 16:55:07.402436,A107,Team_5,S11,Start>Sales>Agent,379,False,True,Can I cancel my service?,CUST9883,positive,True,
C0519,2025-04-03 12:00:29.980244,A127,Team_2,S12,Start>Agent,198,False,True,What is this extra charge?,CUST3589,positive,True,
C0520,2025-04-04 22:05:53.355527,A110,Team_2,S10,Start>Account,483,False,False,I can't log in,CUST8258,neutral,False,no_input
C0521,2025-04-01 10:47:00.166175,A124,Team_2,S10,Start>Billing,249,True,False,Where is my refund?,CUST5372,neutral,True,
C0522,2025-04-26 03:36:33.588165,A107,Team_2,S10,Start>Account,141,False,False,What is this extra charge?,CUST9230,negative,False,complex_request
C0523,2025-04-13 06:08:02.124710,A105,Team_4,S13,Start>Sales,200,True,False,I want to update my account details,CUST4707,positive,True,complex_request
C0524,2025-04-24 08:46:06.641309,A113,Team_2,S11,Start>TechSupport,127,True,False,Can I cancel my service?,CUST9027,neutral,False,no_input
C0525,2025-04-25 12:02:37.937506,A113,Team_4,S10,Start>Sales>Agent,797,False,True,How do I change my plan?,CUST9784,neutral,True,
C0526,2025-04-26 03:14:12.509034,A114,Team_4,S10,Start>TechSupport,591,False,False,I need help with my bill,CUST7347,neutral,True,no_input
C0527,2025-04-18 22:35:10.890147,A109,Team_4,S13,Start>Account>Agent,852,False,True,Can I cancel my service?,CUST3727,neutral,True,
C0528,2025-04-08 16:25:32.513229,A114,Team_4,S10,Start>Agent,175,True,True,Where is my refund?,CUST9952,positive,False,
C0529,2025-04-09 09:22:27.609623,A114,Team_1,S11,Start>Sales,664,True,False,Can I cancel my service?,CUST2477,positive,True,no_match
C0530,2025-04-06 21:18:03.805341,A102,Team_1,S13,Start>Account,147,False,False,My service is down,CUST3619,positive,False,no_match
C0531,2025-04-04 09:49:47.175422,A124,Team_2,S12,Start>Billing,226,True,False,What is this extra charge?,CUST1840,neutral,False,ambiguous_query
C0532,2025-04-10 15:39:26.262846,A109,Team_2,S10,Start>Billing,267,True,False,Where is my refund?,CUST5146,positive,False,ambiguous_query
C0533,2025-04-15 13:44:30.301630,A117,Team_1,S14,Start>Sales,303,True,False,Where is my refund?,CUST8794,neutral,False,no_match
C0534,2025-04-02 20:44:34.509161,A119,Team_5,S10,Start>TechSupport,620,False,False,Where is my refund?,CUST4401,positive,True,no_match
C0535,2025-04-01 14:10:23.459754,A120,Team_3,S10,Start>Billing,93,False,False,I want to talk to a human,CUST2436,positive,False,no_input
C0536,2025-04-07 04:27:15.893807,A105,Team_3,S14,Start>Agent,241,False,True,Where is my refund?,CUST6901,negative,True,
C0537,2025-04-26 11:22:39.559863,A110,Team_3,S13,Start>TechSupport>Agent,836,False,True,My service is down,CUST2063,positive,True,
C0538,2025-04-02 19:20:04.758765,A122,Team_3,S12,Start>Agent,483,True,True,I want to update my account details,CUST1953,positive,True,
C0539,2025-04-14 14:10:57.528284,A123,Team_5,S12,Start>Sales>Agent,683,False,True,I can't log in,CUST9608,neutral,False,
C0540,2025-04-27 05:12:12.387667,A119,Team_5,S13,Start>Agent,806,False,True,Can I cancel my service?,CUST3947,negative,True,
C0541,2025-04-02 13:01:31.216635,A106,Team_1,S10,Start>Billing>Agent,536,True,True,I want to update my account details,CUST7793,neutral,False,
C0542,2025-04-15 09:42:53.687889,A117,Team_2,S10,Start>TechSupport,766,False,False,I can't log in,CUST2111,positive,False,no_match
C0543,2025-04-15 02:41:06.912727,A103,Team_3,S12,Start>Sales>Agent,801,True,True,What is this extra charge?,CUST4178,positive,False,
C0544,2025-04-05 11:04:15.954825,A129,Team_4,S10,Start>Billing,553,True,False,Can I cancel my service?,CUST9797,negative,False,ambiguous_query
C0545,2025-04-01 12:49:27.244650,A129,Team_1,S14,Start>Account>Agent,638,False,True,My service is down,CUST9779,positive,False,
C0546,2025-04-09 02:24:00.984843,A102,Team_2,S12,Start>Billing>Agent,407,False,True,My service is down,CUST3719,neutral,False,
C0547,2025-04-27 22:05:42.622564,A119,Team_1,S12,Start>Account,786,True,False,I can't log in,CUST7780,positive,True,complex_request
C0548,2025-04-08 10:50:39.724041,A114,Team_3,S11,Start>Agent,369,True,True,My internet isn’t working,CUST7131,neutral,True,
C0549,2025-04-22 18:09:31.812918,A114,Team_5,S10,Start>Sales,572,True,False,I want to update my account details,CUST6572,negative,False,complex_request
C0550,2025-04-09 09:25:40.859821,A104,Team_1,S14,Start>Billing,270,True,False,Can I cancel my service?,CUST7350,neutral,True,no_match
C0551,2025-04-16 18:51:06.290686,A109,Team_1,S14,Start>TechSupport>Agent,401,False,True,I need help with my bill,CUST2689,neutral,False,
C0552,2025-04-11 07:16:49.773777,A118,Team_3,S11,Start>Account,265,True,False,I can't log in,CUST5532,neutral,False,no_match
C0553,2025-04-30 16:25:07.936176,A108,Team_2,S11,Start>Account>Agent,177,True,True,Where is my refund?,CUST9422,positive,False,
C0554,2025-04-13 22:00:15.516360,A108,Team_2,S12,Start>TechSupport,235,True,False,I can't log in,CUST6549,neutral,True,no_input
C0555,2025-04-05 01:27:52.959901,A100,Team_4,S10,Start>TechSupport>Agent,452,True,True,My internet isn’t working,CUST7987,positive,False,
C0556,2025-04-13 19:03:10.759320,A109,Team_3,S11,Start>Agent,140,False,True,Where is my refund?,CUST3159,positive,False,
C0557,2025-04-06 12:01:56.554219,A114,Team_3,S13,Start>Sales,297,True,False,What is this extra charge?,CUST5227,negative,False,no_input
C0558,2025-04-03 21:27:51.847957,A122,Team_3,S12,Start>Sales,559,True,False,My internet isn’t working,CUST8787,positive,False,ambiguous_query
C0559,2025-04-28 03:49:02.710814,A127,Team_2,S12,Start>Account,678,True,False,My service is down,CUST2686,neutral,True,complex_request
C0560,2025-04-05 15:52:26.941636,A117,Team_1,S12,Start>Agent,532,False,True,Where is my refund?,CUST7773,positive,True,
C0561,2025-04-11 18:14:32.045735,A115,Team_4,S10,Start>Account,273,False,False,How do I change my plan?,CUST6606,neutral,True,no_input
C0562,2025-04-07 00:23:06.479580,A121,Team_1,S14,Start>Sales,177,False,False,I want to talk to a human,CUST2599,negative,True,complex_request
C0563,2025-04-24 05:10:08.512344,A112,Team_1,S14,Start>TechSupport>Agent,761,False,True,I want to talk to a human,CUST9098,neutral,True,
C0564,2025-04-22 16:30:49.201496,A106,Team_2,S14,Start>Billing>Agent,835,True,True,What is this extra charge?,CUST8421,neutral,False,
C0565,2025-04-04 15:47:13.112832,A106,Team_2,S12,Start>Account>Agent,643,False,True,How do I change my plan?,CUST6640,negative,True,
C0566,2025-04-28 00:33:53.893609,A127,Team_2,S12,Start>Billing>Agent,438,True,True,I need help with my bill,CUST6885,positive,False,
C0567,2025-04-19 09:11:16.141294,A107,Team_4,S14,Start>Sales>Agent,700,False,True,How do I change my plan?,CUST7652,positive,True,
C0568,2025-04-28 07:27:06.243618,A115,Team_2,S11,Start>Agent,453,False,True,How do I change my plan?,CUST3527,positive,True,
C0569,2025-04-08 20:58:31.757833,A100,Team_1,S10,Start>Billing,798,False,False,How do I change my plan?,CUST3224,positive,False,ambiguous_query
C0570,2025-04-19 13:03:10.553918,A128,Team_5,S13,Start>Billing,525,False,False,My service is down,CUST8373,positive,True,no_input
C0571,2025-04-01 13:49:32.319367,A113,Team_5,S10,Start>Sales,808,True,False,My service is down,CUST5411,neutral,False,no_match
C0572,2025-04-15 05:11:24.295964,A101,Team_5,S13,Start>Account,175,False,False,My internet isn’t working,CUST3327,neutral,False,ambiguous_query
C0573,2025-04-12 05:46:44.045362,A116,Team_1,S14,Start>TechSupport>Agent,311,False,True,My internet isn’t working,CUST9834,neutral,False,
C0574,2025-04-03 06:09:46.548598,A128,Team_3,S14,Start>Billing>Agent,540,False,True,My service is down,CUST8687,neutral,False,
C0575,2025-04-08 23:30:28.534748,A111,Team_3,S12,Start>Billing,96,False,False,Where is my refund?,CUST5267,positive,False,
C0576,2025-04-26 19:58:16.822758,A105,Team_5,S10,Start>Account>Agent,888,True,True,I can't log in,CUST8942,positive,True,
C0577,2025-04-18 05:58:24.961762,A108,Team_2,S14,Start>Account>Agent,341,False,True,I need help with my bill,CUST2827,neutral,True,
C0578,2025-04-06 05:41:48.353686,A111,Team_2,S12,Start>TechSupport,556,True,False,My service is down,CUST1542,positive,True,no_input
C0579,2025-04-02 07:57:26.820516,A119,Team_2,S13,Start>Sales>Agent,848,False,True,I want to update my account details,CUST8211,neutral,True,
C0580,2025-04-07 05:20:22.242924,A118,Team_3,S10,Start>Account>Agent,833,True,True,I need help with my bill,CUST3745,neutral,False,
C0581,2025-04-22 11:37:40.151724,A115,Team_5,S11,Start>Sales>Agent,759,False,True,Can I cancel my service?,CUST5302,positive,False,
C0582,2025-04-24 19:01:14.885861,A109,Team_4,S13,Start>Account,602,True,False,My internet isn’t working,CUST9704,neutral,False,
C0583,2025-04-11 11:32:59.561938,A129,Team_3,S12,Start>Account>Agent,333,True,True,I can't log in,CUST7408,neutral,True,
C0584,2025-04-16 13:01:27.259243,A116,Team_3,S11,Start>Account,620,True,False,I need help with my bill,CUST2113,positive,True,
C0585,2025-04-12 03:02:15.600028,A103,Team_4,S12,Start>TechSupport,802,False,False,I can't log in,CUST4163,positive,True,no_match
C0586,2025-04-26 09:31:48.488673,A119,Team_2,S14,Start>TechSupport>Agent,785,True,True,My internet isn’t working,CUST3128,positive,True,
C0587,2025-04-16 07:37:05.207642,A122,Team_2,S12,Start>Account>Agent,538,True,True,Can I cancel my service?,CUST5528,neutral,False,
C0588,2025-04-11 11:47:07.215889,A105,Team_1,S12,Start>Billing>Agent,451,False,True,I want to talk to a human,CUST1984,positive,False,
C0589,2025-04-16 11:43:54.135998,A114,Team_1,S13,Start>TechSupport,684,False,False,What is this extra charge?,CUST9061,positive,False,no_input
C0590,2025-04-03 05:27:12.801460,A119,Team_1,S13,Start>Account>Agent,165,True,True,My internet isn’t working,CUST2153,neutral,False,
C0591,2025-04-15 19:51:29.602445,A100,Team_4,S11,Start>Billing>Agent,98,False,True,I can't log in,CUST3483,neutral,False,
C0592,2025-04-22 19:36:31.350494,A116,Team_4,S13,Start>Sales>Agent,473,True,True,My service is down,CUST4700,positive,False,
C0593,2025-04-26 08:11:52.554197,A118,Team_5,S12,Start>Account,758,False,False,How do I change my plan?,CUST1904,neutral,True,complex_request
C0594,2025-04-30 04:22:24.844602,A117,Team_3,S10,Start>Sales,838,False,False,I want to update my account details,CUST3893,neutral,False,no_input
C0595,2025-04-14 23:47:36.699634,A109,Team_4,S10,Start>Account,558,True,False,Can I cancel my service?,CUST4104,positive,True,no_match
C0596,2025-04-20 19:26:55.587456,A123,Team_5,S11,Start>Sales,458,True,False,My service is down,CUST6041,neutral,False,no_match
C0597,2025-04-01 18:10:02.514754,A101,Team_3,S10,Start>Account,866,True,False,How do I change my plan?,CUST2936,positive,False,
C0598,2025-04-17 00:47:42.540709,A104,Team_5,S11,Start>TechSupport>Agent,97,True,True,Can I cancel my service?,CUST1312,neutral,True,
C0599,2025-04-30 13:59:10.155505,A122,Team_2,S10,Start>Billing,707,True,False,I can't log in,CUST2594,neutral,True,
C0600,2025-04-27 20:47:47.097025,A102,Team_1,S10,Start>Sales,669,True,False,My internet isn’t working,CUST4320,neutral,False,complex_request
C0601,2025-04-22 03:06:25.035091,A103,Team_5,S14,Start>Billing,389,True,False,I need help with my bill,CUST3841,positive,True,complex_request
C0602,2025-04-24 00:05:31.129658,A104,Team_4,S11,Start>Account,626,True,False,Can I cancel my service?,CUST4991,negative,True,no_input
C0603,2025-04-24 20:52:28.481590,A103,Team_5,S13,Start>Billing,76,False,False,My internet isn’t working,CUST1104,positive,True,
C0604,2025-04-05 15:33:34.224880,A128,Team_3,S13,Start>Sales,768,True,False,I want to update my account details,CUST3344,neutral,False,ambiguous_query
C0605,2025-04-30 06:53:35.901253,A107,Team_2,S14,Start>Billing>Agent,670,True,True,Can I cancel my service?,CUST2442,neutral,False,
C0606,2025-04-17 15:32:43.882280,A113,Team_1,S14,Start>TechSupport,256,True,False,My service is down,CUST2567,neutral,True,ambiguous_query
C0607,2025-04-01 21:02:25.037679,A124,Team_2,S12,Start>Billing>Agent,258,True,True,What is this extra charge?,CUST8772,neutral,True,
C0608,2025-04-10 15:47:40.011818,A101,Team_3,S12,Start>TechSupport,505,False,False,I want to talk to a human,CUST8424,positive,True,
C0609,2025-04-24 19:22:45.510416,A105,Team_2,S10,Start>Sales,587,True,False,My internet isn’t working,CUST4855,neutral,False,ambiguous_query
C0610,2025-04-27 04:16:23.224571,A106,Team_3,S11,Start>TechSupport>Agent,393,True,True,My internet isn’t working,CUST4884,neutral,True,
C0611,2025-04-02 02:53:38.494778,A128,Team_2,S10,Start>Sales,659,False,False,I need help with my bill,CUST8141,positive,False,no_input
C0612,2025-04-27 01:05:17.405148,A112,Team_3,S11,Start>Sales,797,True,False,I want to talk to a human,CUST5418,positive,True,no_match
C0613,2025-04-30 08:06:27.816535,A122,Team_5,S10,Start>Account>Agent,199,True,True,Can I cancel my service?,CUST8513,neutral,False,
C0614,2025-04-12 17:28:03.071414,A128,Team_3,S14,Start>Billing,868,True,False,Where is my refund?,CUST4763,positive,False,no_input
C0615,2025-04-07 19:59:45.080822,A118,Team_4,S13,Start>Account>Agent,74,False,True,I want to update my account details,CUST5060,positive,True,
C0616,2025-04-15 23:55:56.553561,A129,Team_5,S10,Start>Sales>Agent,105,True,True,Can I cancel my service?,CUST9261,positive,False,
C0617,2025-04-24 04:29:37.724051,A125,Team_1,S13,Start>Sales,306,True,False,My service is down,CUST1203,neutral,False,no_input
C0618,2025-04-17 02:17:44.641230,A104,Team_3,S12,Start>TechSupport,723,True,False,I need help with my bill,CUST8860,neutral,True,ambiguous_query
C0619,2025-04-30 10:19:22.891118,A127,Team_5,S14,Start>Billing>Agent,525,False,True,What is this extra charge?,CUST7641,positive,False,
C0620,2025-04-22 17:22:38.988966,A122,Team_1,S10,Start>Sales>Agent,767,False,True,My service is down,CUST1535,positive,False,
C0621,2025-04-07 11:36:51.857908,A125,Team_1,S14,Start>Account,813,True,False,My service is down,CUST6963,negative,True,ambiguous_query
C0622,2025-04-27 01:58:17.383561,A111,Team_4,S14,Start>Billing>Agent,434,False,True,What is this extra charge?,CUST2097,neutral,True,
C0623,2025-04-03 19:08:07.535541,A110,Team_2,S14,Start>TechSupport>Agent,724,False,True,Where is my refund?,CUST4437,neutral,True,
C0624,2025-04-22 08:21:41.706771,A111,Team_3,S14,Start>Sales>Agent,343,True,True,My internet isn’t working,CUST7108,positive,False,
C0625,2025-04-03 00:13:01.699378,A115,Team_5,S14,Start>Account>Agent,522,False,True,My internet isn’t working,CUST4085,negative,False,
C0626,2025-04-22 01:13:39.113211,A102,Team_4,S11,Start>Account>Agent,138,True,True,What is this extra charge?,CUST5521,positive,True,
C0627,2025-04-19 14:28:34.628976,A104,Team_2,S14,Start>Billing>Agent,360,False,True,My service is down,CUST3163,neutral,False,
C0628,2025-04-13 13:22:13.524242,A123,Team_1,S12,Start>TechSupport,124,True,False,I want to update my account details,CUST9513,neutral,False,
C0629,2025-04-14 20:18:27.809081,A110,Team_3,S13,Start>Agent,621,False,True,Can I cancel my service?,CUST5982,neutral,False,
C0630,2025-04-25 19:15:19.128896,A125,Team_3,S11,Start>Sales,440,False,False,I need help with my bill,CUST3430,positive,False,no_input
C0631,2025-04-19 09:36:51.330014,A119,Team_2,S14,Start>Account>Agent,246,True,True,What is this extra charge?,CUST3641,positive,True,
C0632,2025-04-22 02:08:59.581617,A118,Team_2,S13,Start>Account>Agent,438,True,True,I want to update my account details,CUST1568,neutral,False,
C0633,2025-04-29 07:02:58.931948,A111,Team_4,S14,Start>Billing,606,False,False,My internet isn’t working,CUST1408,neutral,False,no_input
C0634,2025-04-16 03:32:14.351753,A114,Team_3,S11,Start>Billing>Agent,816,False,True,I can't log in,CUST8764,negative,True,
C0635,2025-04-15 17:05:26.823289,A110,Team_1,S13,Start>Billing>Agent,202,True,True,I can't log in,CUST1406,neutral,True,
C0636,2025-04-21 18:17:42.571829,A111,Team_1,S12,Start>Billing>Agent,682,True,True,Where is my refund?,CUST9625,positive,False,
C0637,2025-04-07 01:16:17.642972,A100,Team_1,S14,Start>Sales,753,True,False,My service is down,CUST7462,positive,False,
C0638,2025-04-02 16:56:36.006957,A119,Team_5,S10,Start>Account,467,True,False,How do I change my plan?,CUST7056,positive,True,complex_request
C0639,2025-04-24 21:22:19.882202,A111,Team_3,S12,Start>Sales,634,True,False,I want to update my account details,CUST8278,neutral,False,ambiguous_query
C0640,2025-04-18 13:45:14.652827,A109,Team_2,S13,Start>Sales>Agent,202,True,True,What is this extra charge?,CUST4404,positive,False,
C0641,2025-04-19 16:37:04.922142,A129,Team_5,S13,Start>TechSupport>Agent,66,False,True,I can't log in,CUST7791,positive,False,
C0642,2025-04-06 16:35:35.918200,A106,Team_2,S13,Start>Account>Agent,627,False,True,I need help with my bill,CUST5947,negative,False,
C0643,2025-04-17 03:48:05.048208,A117,Team_4,S11,Start>Billing>Agent,870,True,True,What is this extra charge?,CUST5303,positive,False,
C0644,2025-04-11 03:48:22.994408,A120,Team_3,S13,Start>Billing,563,True,False,I need help with my bill,CUST2955,neutral,False,no_match
C0645,2025-04-22 09:08:46.345400,A119,Team_3,S14,Start>Sales,639,False,False,I can't log in,CUST8799,negative,True,complex_request
C0646,2025-04-06 04:34:40.928384,A116,Team_5,S10,Start>Account>Agent,226,True,True,What is this extra charge?,CUST6237,neutral,True,
C0647,2025-04-10 22:54:50.099750,A105,Team_1,S12,Start>Account,489,False,False,I need help with my bill,CUST5749,positive,True,
C0648,2025-04-09 22:59:32.342611,A106,Team_2,S10,Start>Billing,616,False,False,I want to talk to a human,CUST5932,positive,False,no_match
C0649,2025-04-24 10:54:40.505254,A117,Team_5,S12,Start>Billing,73,True,False,My service is down,CUST5610,positive,False,ambiguous_query
C0650,2025-04-16 17:36:15.257432,A110,Team_2,S10,Start>TechSupport,218,True,False,I want to update my account details,CUST9612,negative,True,ambiguous_query
C0651,2025-04-05 16:25:10.508788,A114,Team_1,S10,Start>Billing,77,False,False,I want to talk to a human,CUST6104,neutral,True,ambiguous_query
C0652,2025-04-21 08:00:28.273838,A128,Team_5,S14,Start>Account,236,False,False,I need help with my bill,CUST2943,positive,True,no_input
C0653,2025-04-15 18:57:36.597326,A109,Team_2,S11,Start>Billing,140,False,False,My internet isn’t working,CUST2273,positive,False,ambiguous_query
C0654,2025-04-09 00:00:32.497398,A101,Team_2,S10,Start>Billing>Agent,872,True,True,Can I cancel my service?,CUST2948,negative,True,
C0655,2025-04-25 13:09:39.914675,A109,Team_1,S10,Start>TechSupport>Agent,676,True,True,Where is my refund?,CUST4277,positive,False,
C0656,2025-04-03 07:44:39.264687,A102,Team_2,S12,Start>Account,420,True,False,My service is down,CUST4962,neutral,True,no_match
C0657,2025-04-16 19:23:08.008074,A126,Team_5,S10,Start>Agent,282,True,True,I can't log in,CUST3814,negative,True,
C0658,2025-04-19 14:07:36.786235,A129,Team_2,S14,Start>Sales,435,True,False,Can I cancel my service?,CUST2758,positive,False,ambiguous_query
C0659,2025-04-26 12:59:47.971186,A113,Team_2,S14,Start>TechSupport,477,True,False,I want to talk to a human,CUST3025,neutral,True,ambiguous_query
C0660,2025-04-04 06:19:10.204154,A124,Team_3,S12,Start>Agent,799,True,True,My internet isn’t working,CUST6375,neutral,False,
C0661,2025-04-23 21:58:05.310586,A114,Team_5,S12,Start>Sales,291,False,False,I can't log in,CUST8011,positive,True,ambiguous_query
C0662,2025-04-24 05:16:50.223824,A121,Team_3,S11,Start>Billing>Agent,750,False,True,My internet isn’t working,CUST7494,neutral,True,
C0663,2025-04-30 13:02:42.969438,A104,Team_4,S13,Start>TechSupport>Agent,819,True,True,My internet isn’t working,CUST6959,negative,False,
C0664,2025-04-12 14:16:05.891937,A119,Team_4,S10,Start>TechSupport,494,False,False,I can't log in,CUST5472,neutral,False,complex_request
C0665,2025-04-08 20:39:52.626149,A115,Team_5,S13,Start>Sales,583,False,False,What is this extra charge?,CUST8448,positive,False,ambiguous_query
C0666,2025-04-09 22:48:17.417556,A115,Team_2,S11,Start>Billing>Agent,161,True,True,My internet isn’t working,CUST9161,neutral,True,
C0667,2025-04-10 22:17:43.705968,A119,Team_3,S11,Start>Account>Agent,696,True,True,My internet isn’t working,CUST9518,neutral,False,
C0668,2025-04-30 00:16:11.312135,A109,Team_4,S13,Start>Agent,327,False,True,My service is down,CUST9955,positive,True,
C0669,2025-04-14 01:09:14.512129,A128,Team_1,S13,Start>Sales,382,False,False,Can I cancel my service?,CUST8531,positive,True,
C0670,2025-04-19 06:51:23.928060,A121,Team_3,S11,Start>Sales,501,True,False,I can't log in,CUST7374,neutral,True,
C0671,2025-04-06 17:36:42.317908,A121,Team_4,S14,Start>Agent,645,False,True,Can I cancel my service?,CUST3560,neutral,False,
C0672,2025-04-10 11:34:22.364056,A115,Team_5,S13,Start>Account,844,False,False,I want to talk to a human,CUST2006,positive,True,no_input
C0673,2025-04-16 13:41:11.899826,A126,Team_3,S12,Start>Billing>Agent,843,False,True,How do I change my plan?,CUST2594,neutral,False,
C0674,2025-04-23 06:57:11.759107,A111,Team_1,S11,Start>TechSupport,300,False,False,Where is my refund?,CUST2391,negative,True,complex_request
C0675,2025-04-10 01:05:54.907413,A103,Team_3,S11,Start>Billing>Agent,611,False,True,I need help with my bill,CUST8551,neutral,False,
C0676,2025-04-22 04:40:51.912287,A108,Team_1,S13,Start>Billing>Agent,384,False,True,Where is my refund?,CUST7394,positive,True,
C0677,2025-04-04 18:29:13.466255,A103,Team_2,S12,Start>Sales,574,False,False,What is this extra charge?,CUST5907,positive,False,no_input
C0678,2025-04-04 06:16:56.442961,A115,Team_1,S14,Start>TechSupport,354,False,False,I need help with my bill,CUST5871,negative,False,no_input
C0679,2025-04-16 11:31:24.902525,A119,Team_1,S14,Start>TechSupport>Agent,666,False,True,I can't log in,CUST2102,neutral,False,
C0680,2025-04-24 08:21:05.450835,A106,Team_3,S10,Start>Account>Agent,576,False,True,How do I change my plan?,CUST9846,positive,False,
C0681,2025-04-18 21:06:59.167507,A108,Team_5,S14,Start>Sales,747,True,False,I need help with my bill,CUST9457,negative,False,no_input
C0682,2025-04-18 08:46:09.763944,A121,Team_4,S12,Start>Agent,888,False,True,Where is my refund?,CUST1981,neutral,False,
C0683,2025-04-09 23:54:14.260325,A104,Team_2,S11,Start>Account>Agent,505,False,True,I want to talk to a human,CUST2055,neutral,False,
C0684,2025-04-05 03:46:49.810017,A126,Team_3,S11,Start>Account>Agent,763,True,True,How do I change my plan?,CUST4907,positive,True,
C0685,2025-04-01 20:33:23.893605,A107,Team_3,S13,Start>Sales,633,False,False,How do I change my plan?,CUST1606,positive,False,no_input
C0686,2025-04-12 14:04:57.040551,A100,Team_3,S12,Start>Agent,240,True,True,Can I cancel my service?,CUST1326,positive,True,
C0687,2025-04-20 20:04:04.096571,A119,Team_3,S10,Start>Sales>Agent,432,True,True,How do I change my plan?,CUST3302,positive,True,
C0688,2025-04-16 14:55:28.975770,A115,Team_1,S11,Start>TechSupport>Agent,851,False,True,I want to talk to a human,CUST7388,negative,True,
C0689,2025-04-05 22:24:12.989321,A106,Team_2,S10,Start>Billing,279,False,False,Can I cancel my service?,CUST7690,positive,True,ambiguous_query
C0690,2025-04-26 07:15:15.413965,A117,Team_3,S10,Start>Account,618,False,False,Can I cancel my service?,CUST5036,negative,True,complex_request
C0691,2025-04-18 15:20:56.961581,A115,Team_3,S12,Start>Billing>Agent,720,True,True,I need help with my bill,CUST4926,positive,False,
C0692,2025-04-09 22:10:37.931201,A120,Team_3,S10,Start>Agent,302,False,True,How do I change my plan?,CUST1128,negative,False,
C0693,2025-04-01 17:38:00.207443,A109,Team_1,S11,Start>Account>Agent,275,True,True,Can I cancel my service?,CUST6196,negative,False,
C0694,2025-04-18 22:11:48.937817,A108,Team_1,S13,Start>Sales,814,False,False,I want to talk to a human,CUST7920,negative,True,no_input
C0695,2025-04-05 08:24:07.848660,A122,Team_3,S14,Start>TechSupport>Agent,420,False,True,Where is my refund?,CUST9973,neutral,False,
C0696,2025-04-22 20:58:59.209689,A124,Team_1,S11,Start>Sales,870,True,False,I need help with my bill,CUST7564,positive,False,complex_request
C0697,2025-04-24 08:59:58.313786,A118,Team_1,S10,Start>Billing,315,True,False,Where is my refund?,CUST7722,neutral,False,ambiguous_query
C0698,2025-04-10 18:12:34.596447,A115,Team_2,S12,Start>Billing,763,False,False,I can't log in,CUST4254,positive,False,no_input
C0699,2025-04-02 14:54:35.539879,A112,Team_4,S14,Start>TechSupport,81,True,False,My service is down,CUST4747,negative,False,no_input
C0700,2025-04-19 18:50:47.845174,A108,Team_2,S10,Start>Sales>Agent,692,False,True,Where is my refund?,CUST5262,positive,False,
C0701,2025-04-16 00:54:53.898984,A118,Team_1,S10,Start>Agent,505,False,True,Can I cancel my service?,CUST2941,positive,True,
C0702,2025-04-04 06:11:06.147637,A127,Team_3,S12,Start>Sales,451,True,False,How do I change my plan?,CUST4385,neutral,False,no_input
C0703,2025-04-23 21:43:06.493528,A113,Team_2,S13,Start>Billing,89,False,False,I can't log in,CUST4858,neutral,True,complex_request
C0704,2025-04-26 12:43:05.874511,A118,Team_4,S10,Start>Billing>Agent,540,True,True,I want to talk to a human,CUST7513,neutral,False,
C0705,2025-04-27 12:59:43.367400,A123,Team_5,S12,Start>TechSupport>Agent,157,True,True,I need help with my bill,CUST6453,negative,False,
C0706,2025-04-09 11:04:28.334215,A119,Team_5,S10,Start>Billing>Agent,319,False,True,I can't log in,CUST7466,neutral,True,
C0707,2025-04-03 00:11:20.740974,A118,Team_2,S12,Start>Billing,575,False,False,I want to talk to a human,CUST8669,positive,False,
C0708,2025-04-23 10:11:41.405510,A113,Team_2,S12,Start>TechSupport>Agent,380,True,True,What is this extra charge?,CUST9179,negative,False,
C0709,2025-04-25 01:06:56.177306,A129,Team_4,S12,Start>Account>Agent,687,False,True,My service is down,CUST6128,neutral,True,
C0710,2025-04-11 10:22:01.791055,A123,Team_4,S11,Start>Agent,733,False,True,I need help with my bill,CUST4095,positive,True,
C0711,2025-04-17 08:33:51.718027,A101,Team_4,S12,Start>Billing,782,False,False,How do I change my plan?,CUST2900,negative,False,no_match
C0712,2025-04-28 02:56:31.146588,A114,Team_3,S14,Start>Sales,528,False,False,My internet isn’t working,CUST3425,positive,True,no_input
C0713,2025-04-08 08:02:46.863136,A127,Team_3,S11,Start>Billing,827,False,False,Where is my refund?,CUST4479,neutral,True,
C0714,2025-04-21 18:19:21.329996,A124,Team_5,S11,Start>Sales>Agent,138,True,True,Can I cancel my service?,CUST2545,negative,True,
C0715,2025-04-26 20:07:28.547167,A121,Team_1,S13,Start>Account,664,True,False,I want to talk to a human,CUST3519,positive,False,ambiguous_query
C0716,2025-04-20 07:11:05.664968,A114,Team_3,S14,Start>Billing>Agent,397,True,True,Where is my refund?,CUST8423,positive,True,
C0717,2025-04-15 05:59:42.186347,A127,Team_1,S12,Start>Account,877,True,False,My internet isn’t working,CUST9964,negative,False,no_match
C0718,2025-04-29 11:36:53.005946,A112,Team_3,S11,Start>TechSupport,849,False,False,My internet isn’t working,CUST1336,negative,True,ambiguous_query
C0719,2025-04-02 05:07:34.787515,A124,Team_4,S12,Start>Billing,183,False,False,Can I cancel my service?,CUST8083,neutral,False,
C0720,2025-04-24 19:33:44.741884,A104,Team_3,S10,Start>Account,584,True,False,Can I cancel my service?,CUST8298,negative,False,complex_request
C0721,2025-04-24 10:37:19.218446,A118,Team_5,S13,Start>TechSupport>Agent,834,False,True,I want to talk to a human,CUST4053,neutral,False,
C0722,2025-04-10 16:24:31.988847,A101,Team_5,S12,Start>Sales,752,True,False,What is this extra charge?,CUST9115,neutral,True,complex_request
C0723,2025-04-26 03:51:05.078123,A114,Team_4,S10,Start>Sales,367,True,False,What is this extra charge?,CUST5921,negative,False,complex_request
C0724,2025-04-28 19:40:40.832742,A118,Team_1,S14,Start>TechSupport>Agent,106,True,True,My service is down,CUST7961,neutral,False,
C0725,2025-04-19 00:26:27.664388,A111,Team_3,S14,Start>TechSupport>Agent,847,True,True,My internet isn’t working,CUST8583,positive,True,
C0726,2025-04-08 20:22:38.605019,A101,Team_1,S13,Start>Account>Agent,381,False,True,Can I cancel my service?,CUST5342,positive,True,
C0727,2025-04-18 16:34:08.997163,A105,Team_1,S14,Start>Account>Agent,749,True,True,How do I change my plan?,CUST9755,positive,False,
C0728,2025-04-28 14:42:32.842772,A100,Team_2,S13,Start>Sales,768,False,False,Where is my refund?,CUST8974,positive,False,ambiguous_query
C0729,2025-04-02 01:13:20.485460,A125,Team_3,S10,Start>Billing,198,True,False,I want to update my account details,CUST2833,negative,True,no_match
C0730,2025-04-05 17:28:49.471894,A106,Team_4,S11,Start>TechSupport,506,True,False,My internet isn’t working,CUST5930,neutral,True,ambiguous_query
C0731,2025-04-30 15:57:27.790904,A113,Team_1,S10,Start>Billing,216,False,False,Can I cancel my service?,CUST8724,positive,False,
C0732,2025-04-20 12:04:22.824292,A107,Team_2,S12,Start>Sales>Agent,112,False,True,I need help with my bill,CUST2682,neutral,False,
C0733,2025-04-07 12:54:02.876161,A127,Team_4,S14,Start>Agent,357,True,True,Can I cancel my service?,CUST7548,neutral,False,
C0734,2025-04-04 05:43:08.153336,A122,Team_1,S14,Start>Billing>Agent,492,False,True,My service is down,CUST2040,positive,False,
C0735,2025-05-01 04:57:14.305757,A103,Team_4,S14,Start>Account,519,False,False,I need help with my bill,CUST3643,positive,True,ambiguous_query
C0736,2025-04-27 04:40:16.740649,A111,Team_4,S11,Start>Agent,284,False,True,Where is my refund?,CUST8675,positive,False,
C0737,2025-04-12 12:04:13.924036,A113,Team_3,S13,Start>Billing,696,True,False,I can't log in,CUST2412,neutral,True,no_input
C0738,2025-04-15 02:05:09.090068,A106,Team_2,S14,Start>Sales,163,False,False,Can I cancel my service?,CUST5975,positive,True,no_match
C0739,2025-04-07 13:09:27.757852,A111,Team_3,S12,Start>Billing,238,True,False,My internet isn’t working,CUST6533,neutral,True,no_match
C0740,2025-04-18 17:52:50.649250,A117,Team_2,S13,Start>Account>Agent,408,False,True,I need help with my bill,CUST5382,negative,True,
C0741,2025-04-28 13:43:19.328070,A129,Team_4,S13,Start>TechSupport>Agent,168,True,True,My service is down,CUST1687,neutral,True,
C0742,2025-04-24 11:23:09.433015,A127,Team_2,S12,Start>Billing,805,False,False,Can I cancel my service?,CUST9288,neutral,True,no_input
C0743,2025-04-25 07:47:56.195251,A120,Team_3,S12,Start>Billing,185,True,False,Can I cancel my service?,CUST7811,neutral,True,no_input
C0744,2025-04-03 13:42:12.247301,A126,Team_4,S12,Start>Account>Agent,577,True,True,My internet isn’t working,CUST5358,positive,False,
C0745,2025-04-17 14:13:49.292748,A120,Team_2,S11,Start>Agent,491,True,True,What is this extra charge?,CUST8025,neutral,False,
C0746,2025-04-16 04:32:36.487230,A127,Team_5,S12,Start>Billing>Agent,513,True,True,I need help with my bill,CUST9476,negative,True,
C0747,2025-04-09 13:41:54.995933,A110,Team_4,S11,Start>Sales>Agent,122,False,True,I need help with my bill,CUST3473,negative,True,
C0748,2025-04-17 18:05:53.937551,A113,Team_4,S14,Start>Account>Agent,798,False,True,I want to talk to a human,CUST1129,negative,True,
C0749,2025-04-21 20:54:00.223762,A114,Team_2,S14,Start>Sales,774,False,False,How do I change my plan?,CUST4232,negative,True,no_match
C0750,2025-04-24 09:57:51.531890,A117,Team_3,S13,Start>Billing,592,False,False,I want to update my account details,CUST2520,neutral,False,
C0751,2025-04-30 15:43:52.471977,A110,Team_2,S10,Start>Billing>Agent,875,False,True,I want to update my account details,CUST5979,neutral,True,
C0752,2025-04-27 10:05:27.199232,A126,Team_3,S12,Start>Agent,422,True,True,I need help with my bill,CUST3043,neutral,True,
C0753,2025-04-10 17:45:24.830437,A110,Team_2,S14,Start>Agent,669,True,True,I want to talk to a human,CUST5902,positive,True,
C0754,2025-04-06 23:29:51.878987,A116,Team_2,S10,Start>Account,588,True,False,I want to talk to a human,CUST8443,positive,False,ambiguous_query
C0755,2025-04-25 05:10:47.415725,A102,Team_1,S10,Start>Sales>Agent,193,False,True,I want to update my account details,CUST8309,positive,False,
C0756,2025-04-14 15:47:18.687834,A127,Team_3,S14,Start>Sales,711,False,False,Can I cancel my service?,CUST9020,neutral,False,no_input
C0757,2025-04-18 06:37:51.000730,A104,Team_5,S11,Start>Sales,788,False,False,What is this extra charge?,CUST9408,negative,True,no_input
C0758,2025-04-04 19:17:13.970366,A114,Team_4,S10,Start>Billing,632,False,False,My internet isn’t working,CUST7694,positive,False,
C0759,2025-04-03 00:58:35.245168,A109,Team_1,S14,Start>Billing,180,False,False,I can't log in,CUST7135,positive,False,no_match
C0760,2025-04-12 07:23:51.485402,A125,Team_2,S11,Start>Sales>Agent,109,False,True,I can't log in,CUST4532,positive,False,
C0761,2025-04-05 13:48:31.806266,A103,Team_5,S12,Start>TechSupport>Agent,105,False,True,Can I cancel my service?,CUST6074,neutral,False,
C0762,2025-04-20 10:00:50.069603,A115,Team_5,S11,Start>Billing,576,False,False,Can I cancel my service?,CUST8357,positive,False,no_match
C0763,2025-04-04 11:29:37.462970,A125,Team_5,S14,Start>Sales>Agent,456,True,True,How do I change my plan?,CUST6554,neutral,False,
C0764,2025-04-28 01:48:20.325193,A120,Team_1,S11,Start>Billing>Agent,645,False,True,My service is down,CUST3028,neutral,True,
C0765,2025-04-17 04:47:17.098799,A119,Team_5,S14,Start>Billing>Agent,643,True,True,Can I cancel my service?,CUST9235,negative,True,
C0766,2025-04-02 22:32:17.040926,A100,Team_3,S11,Start>TechSupport,782,False,False,My internet isn’t working,CUST9741,neutral,False,
C0767,2025-04-02 06:10:08.827967,A101,Team_4,S10,Start>Account,507,True,False,How do I change my plan?,CUST1394,negative,False,ambiguous_query
C0768,2025-04-03 23:14:33.362364,A108,Team_1,S10,Start>TechSupport>Agent,614,True,True,I can't log in,CUST3359,positive,True,
C0769,2025-04-24 21:29:33.233068,A109,Team_4,S11,Start>Billing>Agent,689,False,True,What is this extra charge?,CUST1445,neutral,False,
C0770,2025-04-22 01:32:20.048454,A103,Team_3,S11,Start>Sales>Agent,391,False,True,How do I change my plan?,CUST2981,positive,True,
C0771,2025-04-13 09:49:18.354203,A115,Team_5,S14,Start>Sales>Agent,177,False,True,I need help with my bill,CUST6215,neutral,False,
C0772,2025-04-07 01:46:56.460099,A115,Team_1,S13,Start>TechSupport,79,False,False,My service is down,CUST2663,positive,True,complex_request
C0773,2025-04-30 23:29:11.640277,A118,Team_4,S13,Start>TechSupport>Agent,711,True,True,What is this extra charge?,CUST7116,neutral,True,
C0774,2025-04-02 12:34:24.368726,A117,Team_4,S14,Start>Sales,102,True,False,Can I cancel my service?,CUST5739,neutral,True,no_match
C0775,2025-04-03 03:13:37.990776,A101,Team_4,S12,Start>Account>Agent,756,False,True,I want to talk to a human,CUST4485,neutral,False,
C0776,2025-04-01 10:07:25.531762,A105,Team_5,S14,Start>TechSupport>Agent,367,True,True,How do I change my plan?,CUST3014,negative,False,
C0777,2025-04-15 02:36:46.975662,A106,Team_5,S14,Start>Account,758,False,False,I can't log in,CUST8417,positive,False,complex_request
C0778,2025-04-23 14:06:31.032997,A106,Team_4,S14,Start>Account,76,True,False,I need help with my bill,CUST8807,positive,True,no_input
C0779,2025-04-15 15:11:06.414731,A113,Team_5,S13,Start>Sales>Agent,611,True,True,My internet isn’t working,CUST9825,positive,False,
C0780,2025-04-24 20:31:41.837051,A111,Team_4,S14,Start>Account,456,True,False,I need help with my bill,CUST3044,neutral,True,ambiguous_query
C0781,2025-04-03 13:39:15.886846,A100,Team_2,S10,Start>Account>Agent,756,False,True,I want to update my account details,CUST2474,negative,False,
C0782,2025-04-18 02:25:39.618049,A107,Team_4,S12,Start>Billing>Agent,347,False,True,Where is my refund?,CUST4425,positive,False,
C0783,2025-04-19 22:12:12.675178,A127,Team_3,S14,Start>Agent,565,True,True,My service is down,CUST4174,neutral,True,
C0784,2025-04-04 01:46:33.408185,A118,Team_2,S10,Start>Billing,325,True,False,My service is down,CUST5494,positive,True,
C0785,2025-04-22 19:40:47.425033,A119,Team_3,S14,Start>Sales,62,False,False,I need help with my bill,CUST6292,neutral,False,complex_request
C0786,2025-04-23 14:53:22.692603,A103,Team_5,S13,Start>Sales,430,True,False,I want to update my account details,CUST1769,positive,False,
C0787,2025-04-16 17:11:39.989405,A114,Team_3,S10,Start>Sales>Agent,259,False,True,My internet isn’t working,CUST1415,negative,True,
C0788,2025-04-30 13:38:30.467747,A102,Team_2,S11,Start>Billing,397,False,False,My internet isn’t working,CUST2584,positive,False,no_match
C0789,2025-04-04 04:41:39.418556,A118,Team_3,S12,Start>TechSupport,170,False,False,I want to update my account details,CUST6583,negative,False,
C0790,2025-04-23 15:28:56.914621,A125,Team_2,S10,Start>Sales,842,True,False,Can I cancel my service?,CUST3045,positive,True,no_match
C0791,2025-04-21 23:36:17.706014,A112,Team_3,S10,Start>Billing,123,False,False,I need help with my bill,CUST5939,neutral,False,no_match
C0792,2025-04-30 11:08:43.070203,A103,Team_1,S14,Start>Billing>Agent,361,False,True,How do I change my plan?,CUST2570,neutral,False,
C0793,2025-04-01 13:50:09.246387,A127,Team_5,S14,Start>Billing>Agent,524,False,True,Can I cancel my service?,CUST8014,negative,True,
C0794,2025-04-06 21:17:05.981441,A120,Team_1,S13,Start>Agent,396,True,True,My internet isn’t working,CUST2682,positive,True,
C0795,2025-04-29 21:10:18.730200,A128,Team_5,S11,Start>Agent,322,False,True,How do I change my plan?,CUST8887,neutral,False,
C0796,2025-04-03 22:12:14.573310,A107,Team_2,S10,Start>Billing>Agent,190,False,True,Where is my refund?,CUST8140,neutral,False,
C0797,2025-04-09 11:43:44.573169,A118,Team_5,S11,Start>Billing,540,False,False,Where is my refund?,CUST6618,positive,True,
C0798,2025-04-19 10:29:34.723738,A118,Team_2,S10,Start>TechSupport,579,True,False,How do I change my plan?,CUST6633,positive,True,no_input
C0799,2025-04-06 07:02:25.784902,A125,Team_1,S12,Start>TechSupport,743,False,False,Can I cancel my service?,CUST6425,negative,False,
C0800,2025-04-18 10:47:58.014246,A109,Team_4,S12,Start>Billing,167,False,False,I need help with my bill,CUST9125,positive,True,no_input
C0801,2025-04-30 05:37:50.265967,A122,Team_2,S13,Start>TechSupport,304,False,False,I want to talk to a human,CUST7158,positive,True,no_match
C0802,2025-04-07 06:40:57.195446,A111,Team_1,S10,Start>Account,90,True,False,What is this extra charge?,CUST5760,neutral,False,no_match
C0803,2025-04-30 22:07:56.717714,A100,Team_2,S11,Start>Account>Agent,238,True,True,I can't log in,CUST3855,positive,True,
C0804,2025-04-21 07:53:41.340508,A106,Team_1,S11,Start>Account>Agent,163,True,True,What is this extra charge?,CUST7208,neutral,True,
C0805,2025-04-06 01:38:31.563532,A129,Team_2,S12,Start>Sales,305,False,False,I want to talk to a human,CUST3807,negative,False,no_match
C0806,2025-04-10 18:17:25.274589,A103,Team_2,S11,Start>TechSupport,256,False,False,I want to talk to a human,CUST6209,neutral,True,no_match
C0807,2025-04-06 06:03:49.484441,A124,Team_5,S14,Start>TechSupport,608,False,False,What is this extra charge?,CUST6368,positive,False,no_input
C0808,2025-04-02 17:18:35.138076,A127,Team_5,S14,Start>Sales,274,True,False,Can I cancel my service?,CUST2062,positive,False,
C0809,2025-04-08 09:56:53.458439,A111,Team_4,S14,Start>Sales,243,False,False,I want to talk to a human,CUST9609,neutral,False,ambiguous_query
C0810,2025-04-26 21:29:14.604011,A108,Team_5,S13,Start>Billing>Agent,272,True,True,I want to update my account details,CUST8406,negative,False,
C0811,2025-04-04 19:37:38.084098,A109,Team_4,S13,Start>Billing,443,False,False,My service is down,CUST2388,positive,True,complex_request
C0812,2025-04-18 05:52:15.732817,A114,Team_5,S12,Start>TechSupport,657,True,False,Can I cancel my service?,CUST9392,neutral,False,ambiguous_query
C0813,2025-04-30 19:04:00.249034,A114,Team_4,S13,Start>Account,883,False,False,I want to talk to a human,CUST5473,positive,True,ambiguous_query
C0814,2025-04-27 05:29:20.332518,A107,Team_3,S10,Start>Account,144,False,False,My service is down,CUST9401,neutral,True,complex_request
C0815,2025-04-28 00:16:17.475132,A129,Team_2,S10,Start>TechSupport>Agent,133,False,True,I need help with my bill,CUST9946,positive,True,
C0816,2025-04-28 02:40:24.379100,A108,Team_3,S12,Start>TechSupport,782,True,False,My service is down,CUST5278,positive,False,complex_request
C0817,2025-04-11 16:43:30.485609,A126,Team_3,S13,Start>Sales>Agent,653,True,True,Can I cancel my service?,CUST9399,negative,True,
C0818,2025-04-10 06:12:06.421530,A107,Team_2,S11,Start>Sales,299,False,False,Can I cancel my service?,CUST6581,neutral,False,no_input
C0819,2025-04-25 14:14:28.072600,A113,Team_4,S11,Start>Sales,520,True,False,I want to talk to a human,CUST3276,neutral,True,complex_request
C0820,2025-04-13 03:09:22.078752,A123,Team_1,S13,Start>Account,407,True,False,How do I change my plan?,CUST7974,neutral,False,
C0821,2025-04-02 20:43:35.366744,A109,Team_3,S14,Start>Billing>Agent,641,True,True,What is this extra charge?,CUST3518,negative,False,
C0822,2025-04-17 17:07:49.742207,A112,Team_2,S13,Start>TechSupport>Agent,607,False,True,I want to update my account details,CUST8778,positive,False,
C0823,2025-04-02 20:54:38.085396,A102,Team_2,S10,Start>Agent,241,True,True,Where is my refund?,CUST9005,positive,True,
C0824,2025-04-29 14:06:31.969900,A129,Team_4,S12,Start>TechSupport,298,False,False,My service is down,CUST2146,neutral,False,
C0825,2025-04-18 20:22:11.477644,A100,Team_2,S12,Start>Sales>Agent,460,True,True,My internet isn’t working,CUST3115,neutral,False,
C0826,2025-04-30 21:27:54.580532,A112,Team_2,S11,Start>TechSupport,377,False,False,Can I cancel my service?,CUST3601,neutral,False,
C0827,2025-04-28 12:51:43.010745,A106,Team_5,S13,Start>Account>Agent,266,True,True,What is this extra charge?,CUST8302,positive,False,
C0828,2025-04-14 07:30:10.463638,A116,Team_3,S14,Start>Sales,531,False,False,Where is my refund?,CUST1640,neutral,False,ambiguous_query
C0829,2025-04-26 09:11:55.193075,A111,Team_3,S13,Start>Billing,485,True,False,What is this extra charge?,CUST8079,neutral,True,
C0830,2025-04-18 19:55:06.791593,A103,Team_4,S10,Start>TechSupport,221,False,False,My service is down,CUST5782,neutral,True,no_input
C0831,2025-04-02 10:13:43.087175,A129,Team_4,S13,Start>Agent,184,False,True,My internet isn’t working,CUST2723,neutral,False,
C0832,2025-05-01 02:35:46.052191,A114,Team_2,S12,Start>TechSupport,578,True,False,Can I cancel my service?,CUST1437,positive,False,ambiguous_query
C0833,2025-04-09 13:16:44.490685,A110,Team_4,S11,Start>Sales>Agent,98,True,True,I can't log in,CUST2878,neutral,True,
C0834,2025-04-25 01:06:53.035340,A121,Team_4,S13,Start>Sales,129,True,False,My service is down,CUST4969,neutral,False,no_input
C0835,2025-04-23 06:41:26.658394,A115,Team_3,S11,Start>Billing,78,True,False,What is this extra charge?,CUST5819,positive,False,no_input
C0836,2025-04-04 18:20:46.014344,A102,Team_1,S12,Start>Billing,511,False,False,What is this extra charge?,CUST4549,neutral,True,ambiguous_query
C0837,2025-04-30 11:30:50.304911,A122,Team_1,S14,Start>TechSupport>Agent,459,False,True,Can I cancel my service?,CUST1858,neutral,True,
C0838,2025-04-21 06:40:15.197926,A124,Team_2,S11,Start>Account,304,True,False,My internet isn’t working,CUST1262,neutral,True,complex_request
C0839,2025-04-17 20:02:30.253307,A126,Team_2,S10,Start>TechSupport,158,True,False,What is this extra charge?,CUST1721,neutral,True,complex_request
C0840,2025-04-28 23:45:34.924380,A110,Team_5,S11,Start>TechSupport,614,False,False,How do I change my plan?,CUST2979,positive,True,complex_request
C0841,2025-04-29 14:45:50.733278,A110,Team_2,S10,Start>Sales>Agent,729,False,True,I need help with my bill,CUST7376,positive,True,
C0842,2025-04-13 14:18:16.670205,A121,Team_3,S14,Start>Account,104,True,False,I want to update my account details,CUST7735,positive,False,no_match
C0843,2025-04-07 07:16:56.539588,A122,Team_5,S14,Start>Billing,317,True,False,Where is my refund?,CUST6314,negative,False,no_input
C0844,2025-04-23 07:33:08.253934,A110,Team_2,S12,Start>Sales,129,False,False,I need help with my bill,CUST8354,positive,True,
C0845,2025-04-25 08:52:46.826184,A118,Team_1,S11,Start>Billing>Agent,691,True,True,I can't log in,CUST4873,neutral,True,
C0846,2025-04-14 08:04:27.866081,A101,Team_2,S12,Start>Sales,363,True,False,What is this extra charge?,CUST7156,positive,True,no_input
C0847,2025-04-16 13:58:26.967394,A129,Team_5,S13,Start>Account,197,False,False,I want to talk to a human,CUST1648,neutral,False,complex_request
C0848,2025-04-27 01:47:25.415815,A124,Team_1,S11,Start>Account,410,True,False,I want to update my account details,CUST9836,positive,True,no_input
C0849,2025-04-04 06:59:44.505902,A119,Team_4,S14,Start>Account,247,False,False,I need help with my bill,CUST2058,negative,True,no_input
C0850,2025-04-27 17:10:51.137652,A101,Team_2,S11,Start>Billing,153,True,False,Where is my refund?,CUST9992,negative,True,no_input
C0851,2025-04-06 14:58:35.160407,A116,Team_1,S13,Start>Sales,378,True,False,I want to update my account details,CUST5012,neutral,True,complex_request
C0852,2025-04-17 20:22:40.072400,A109,Team_5,S13,Start>TechSupport,338,False,False,My internet isn’t working,CUST6891,positive,True,ambiguous_query
C0853,2025-04-04 11:12:01.020859,A114,Team_4,S14,Start>Sales>Agent,838,True,True,Can I cancel my service?,CUST1324,neutral,False,
C0854,2025-04-02 15:17:06.777815,A124,Team_3,S14,Start>Agent,216,True,True,I can't log in,CUST7233,neutral,False,
C0855,2025-04-23 00:51:21.960004,A112,Team_5,S14,Start>Sales,133,False,False,What is this extra charge?,CUST8688,positive,True,no_match
C0856,2025-04-13 08:53:13.066566,A100,Team_5,S12,Start>Sales,474,False,False,How do I change my plan?,CUST7113,positive,False,
C0857,2025-04-12 18:23:58.754251,A102,Team_4,S10,Start>TechSupport>Agent,454,True,True,I want to update my account details,CUST8148,negative,False,
C0858,2025-04-20 19:52:44.207591,A120,Team_3,S10,Start>Sales>Agent,494,True,True,I want to update my account details,CUST8827,positive,False,
C0859,2025-04-02 05:37:24.456446,A122,Team_2,S12,Start>Sales,757,True,False,I can't log in,CUST5053,neutral,True,no_match
C0860,2025-04-12 10:20:49.281950,A103,Team_1,S13,Start>Sales>Agent,783,True,True,My service is down,CUST4093,negative,True,
C0861,2025-04-10 10:46:06.364305,A108,Team_3,S14,Start>Agent,734,False,True,Where is my refund?,CUST6045,neutral,True,
C0862,2025-04-05 13:12:33.100307,A120,Team_5,S12,Start>Billing,335,True,False,How do I change my plan?,CUST6047,positive,True,ambiguous_query
C0863,2025-04-12 10:32:16.514862,A100,Team_1,S10,Start>Sales>Agent,597,False,True,I can't log in,CUST8060,positive,False,
C0864,2025-04-10 20:40:48.805537,A122,Team_2,S11,Start>Sales,246,True,False,Can I cancel my service?,CUST4482,positive,True,no_input
C0865,2025-04-06 04:49:10.466663,A125,Team_2,S12,Start>Sales>Agent,511,True,True,What is this extra charge?,CUST2307,positive,False,
C0866,2025-04-10 18:37:24.267923,A108,Team_1,S12,Start>Billing>Agent,659,True,True,Can I cancel my service?,CUST8949,neutral,True,
C0867,2025-04-17 03:39:02.413927,A101,Team_3,S10,Start>Billing>Agent,159,True,True,My service is down,CUST1118,positive,False,
C0868,2025-04-07 20:59:28.175545,A115,Team_3,S14,Start>Sales>Agent,404,False,True,I want to talk to a human,CUST6164,negative,False,
C0869,2025-04-26 13:43:47.043102,A112,Team_5,S10,Start>Account,398,True,False,I need help with my bill,CUST8486,negative,False,no_input
C0870,2025-04-09 06:31:17.700412,A100,Team_5,S10,Start>Agent,346,True,True,I want to talk to a human,CUST8404,neutral,False,
C0871,2025-04-22 04:40:18.467269,A121,Team_2,S10,Start>Account,77,False,False,I need help with my bill,CUST6333,neutral,True,
C0872,2025-04-23 19:26:28.760556,A115,Team_4,S14,Start>TechSupport>Agent,416,False,True,Can I cancel my service?,CUST2645,neutral,False,
C0873,2025-04-07 08:54:53.177349,A122,Team_2,S14,Start>Agent,92,True,True,Can I cancel my service?,CUST2426,positive,False,
C0874,2025-04-03 16:49:28.915408,A128,Team_4,S10,Start>Sales,738,True,False,I want to update my account details,CUST4467,positive,True,no_match
C0875,2025-04-15 20:45:40.111483,A113,Team_1,S11,Start>Account,452,False,False,I want to update my account details,CUST5220,neutral,True,no_input
C0876,2025-04-12 02:20:34.472052,A129,Team_5,S13,Start>TechSupport>Agent,874,False,True,I want to update my account details,CUST2059,neutral,False,
C0877,2025-04-29 03:33:32.380710,A120,Team_5,S13,Start>TechSupport,288,False,False,My internet isn’t working,CUST5767,positive,True,complex_request
C0878,2025-04-09 20:06:54.974665,A123,Team_5,S11,Start>TechSupport>Agent,646,False,True,What is this extra charge?,CUST6134,negative,True,
C0879,2025-05-01 06:04:14.172406,A101,Team_5,S14,Start>TechSupport,457,False,False,I want to talk to a human,CUST6980,neutral,True,
C0880,2025-04-13 08:27:43.809345,A121,Team_5,S14,Start>TechSupport,169,False,False,I need help with my bill,CUST9819,negative,False,no_input
C0881,2025-04-18 21:22:44.635395,A126,Team_3,S11,Start>Sales,756,False,False,What is this extra charge?,CUST5643,positive,True,
C0882,2025-04-20 03:37:28.268005,A110,Team_3,S14,Start>TechSupport>Agent,340,False,True,I want to update my account details,CUST9110,positive,False,
C0883,2025-04-16 20:26:10.775049,A125,Team_3,S11,Start>TechSupport,810,True,False,I need help with my bill,CUST3933,negative,False,complex_request
C0884,2025-04-28 18:23:18.462528,A126,Team_2,S10,Start>Agent,461,False,True,How do I change my plan?,CUST8756,negative,False,
C0885,2025-04-13 14:06:14.214209,A102,Team_5,S12,Start>Account>Agent,773,True,True,My service is down,CUST7451,positive,False,
C0886,2025-04-24 10:42:51.400233,A127,Team_3,S13,Start>Billing,651,True,False,Can I cancel my service?,CUST8904,positive,True,no_input
C0887,2025-04-26 05:58:46.291299,A106,Team_2,S10,Start>Account,803,True,False,What is this extra charge?,CUST7169,negative,False,no_input
C0888,2025-04-13 20:31:17.312623,A129,Team_1,S10,Start>Account,545,True,False,I need help with my bill,CUST2922,negative,False,
C0889,2025-04-22 21:08:56.763230,A113,Team_2,S13,Start>TechSupport,94,True,False,I want to update my account details,CUST7498,neutral,True,ambiguous_query
C0890,2025-04-18 10:51:09.982463,A124,Team_1,S13,Start>Sales>Agent,341,False,True,I want to talk to a human,CUST1190,positive,True,
C0891,2025-04-02 06:59:59.445071,A115,Team_5,S11,Start>Billing>Agent,660,False,True,I can't log in,CUST2549,neutral,True,
C0892,2025-04-04 17:59:14.039778,A115,Team_4,S12,Start>Billing,161,False,False,My internet isn’t working,CUST9806,positive,True,ambiguous_query
C0893,2025-04-17 21:03:44.536496,A117,Team_5,S14,Start>Sales,125,True,False,I want to update my account details,CUST2922,positive,True,no_match
C0894,2025-04-06 09:32:16.706624,A117,Team_4,S12,Start>TechSupport>Agent,100,True,True,Where is my refund?,CUST4378,neutral,True,
C0895,2025-04-09 00:48:45.852885,A127,Team_1,S10,Start>TechSupport>Agent,578,False,True,I want to talk to a human,CUST9919,positive,True,
C0896,2025-04-04 14:30:01.883875,A109,Team_1,S14,Start>Account>Agent,734,False,True,What is this extra charge?,CUST9035,neutral,False,
C0897,2025-04-04 20:54:43.332860,A122,Team_1,S10,Start>TechSupport,97,True,False,What is this extra charge?,CUST5910,negative,True,no_input
C0898,2025-04-06 08:34:29.393831,A119,Team_5,S11,Start>Account,344,True,False,Where is my refund?,CUST7914,positive,False,complex_request
C0899,2025-04-03 18:28:19.197752,A112,Team_2,S13,Start>Sales,145,False,False,How do I change my plan?,CUST3346,neutral,True,complex_request
C0900,2025-04-19 16:36:55.182529,A120,Team_2,S12,Start>Agent,679,True,True,How do I change my plan?,CUST3514,positive,False,
C0901,2025-04-03 08:28:54.609869,A100,Team_5,S11,Start>TechSupport>Agent,336,True,True,My service is down,CUST2802,neutral,False,
C0902,2025-04-17 05:17:05.251703,A110,Team_1,S12,Start>Account,856,False,False,What is this extra charge?,CUST4698,positive,True,ambiguous_query
C0903,2025-04-25 20:56:08.451547,A107,Team_4,S10,Start>TechSupport>Agent,239,False,True,Where is my refund?,CUST9021,positive,False,
C0904,2025-04-02 00:18:37.198967,A117,Team_3,S14,Start>TechSupport>Agent,109,True,True,I want to talk to a human,CUST7382,positive,False,
C0905,2025-04-04 19:15:45.848093,A118,Team_2,S12,Start>Billing>Agent,763,True,True,What is this extra charge?,CUST3337,positive,False,
C0906,2025-04-21 11:00:56.648876,A129,Team_3,S11,Start>Sales>Agent,783,False,True,What is this extra charge?,CUST8191,negative,False,
C0907,2025-04-05 13:58:01.375607,A108,Team_4,S14,Start>TechSupport,372,True,False,I can't log in,CUST7660,neutral,True,no_match
C0908,2025-04-17 00:53:27.495542,A102,Team_2,S10,Start>Billing,649,True,False,My internet isn’t working,CUST5683,neutral,False,no_match
C0909,2025-04-21 17:17:45.817807,A113,Team_5,S11,Start>Sales,569,True,False,How do I change my plan?,CUST1227,neutral,True,ambiguous_query
C0910,2025-04-14 20:04:51.409256,A122,Team_5,S12,Start>TechSupport,816,True,False,Where is my refund?,CUST8350,negative,True,no_input
C0911,2025-04-07 15:27:45.410063,A102,Team_3,S11,Start>Agent,421,True,True,How do I change my plan?,CUST9118,positive,False,
C0912,2025-04-11 05:49:16.914352,A110,Team_2,S14,Start>TechSupport>Agent,357,False,True,Can I cancel my service?,CUST5809,positive,True,
C0913,2025-04-07 11:26:54.906109,A106,Team_3,S14,Start>Billing>Agent,534,False,True,I need help with my bill,CUST6828,positive,False,
C0914,2025-04-02 09:50:44.430660,A109,Team_3,S10,Start>Billing>Agent,418,True,True,How do I change my plan?,CUST6808,positive,False,
C0915,2025-04-23 07:08:10.187033,A106,Team_1,S14,Start>Agent,217,False,True,My internet isn’t working,CUST8985,positive,False,
C0916,2025-04-16 07:51:35.928614,A115,Team_4,S12,Start>Account>Agent,433,False,True,What is this extra charge?,CUST9788,negative,True,
C0917,2025-04-10 16:53:23.761753,A121,Team_4,S11,Start>Billing,422,False,False,I need help with my bill,CUST6885,negative,True,no_match
C0918,2025-04-20 12:33:50.937898,A106,Team_3,S10,Start>Billing,464,False,False,I want to talk to a human,CUST1517,positive,True,ambiguous_query
C0919,2025-04-28 05:38:33.751382,A121,Team_3,S10,Start>Sales>Agent,560,False,True,What is this extra charge?,CUST6322,neutral,False,
C0920,2025-04-26 17:02:05.302484,A104,Team_1,S10,Start>Billing>Agent,189,True,True,I want to talk to a human,CUST9192,positive,True,
C0921,2025-04-20 08:28:23.005620,A121,Team_3,S13,Start>Billing>Agent,504,False,True,I can't log in,CUST5623,neutral,False,
C0922,2025-04-01 22:19:44.797400,A119,Team_2,S14,Start>Billing,315,False,False,My internet isn’t working,CUST5317,negative,True,ambiguous_query
C0923,2025-04-30 17:37:16.969445,A106,Team_4,S10,Start>Agent,685,True,True,I want to update my account details,CUST3436,positive,True,
C0924,2025-04-29 04:04:18.798974,A101,Team_3,S11,Start>Billing,496,True,False,Where is my refund?,CUST4270,positive,True,ambiguous_query
C0925,2025-04-24 18:32:33.767134,A113,Team_5,S12,Start>TechSupport,287,False,False,How do I change my plan?,CUST8851,positive,False,no_match
C0926,2025-04-07 15:33:51.881398,A109,Team_1,S12,Start>Account,347,False,False,How do I change my plan?,CUST5046,positive,True,no_input
C0927,2025-04-03 11:08:45.142550,A101,Team_1,S10,Start>Account,277,False,False,Can I cancel my service?,CUST5590,negative,True,ambiguous_query
C0928,2025-04-14 01:43:08.148850,A105,Team_3,S13,Start>Account,402,False,False,My internet isn’t working,CUST2587,neutral,True,complex_request
C0929,2025-04-10 17:23:44.911246,A111,Team_3,S14,Start>Agent,679,False,True,I want to update my account details,CUST5521,positive,False,
C0930,2025-04-15 22:36:34.319944,A128,Team_1,S11,Start>TechSupport>Agent,102,True,True,I want to update my account details,CUST8303,negative,True,
C0931,2025-04-19 21:41:58.020105,A109,Team_4,S11,Start>Agent,798,True,True,I need help with my bill,CUST3094,positive,False,
C0932,2025-04-25 17:24:00.237400,A128,Team_3,S13,Start>TechSupport>Agent,506,True,True,Can I cancel my service?,CUST7864,neutral,True,
C0933,2025-04-29 00:22:21.785812,A119,Team_3,S11,Start>Account>Agent,106,True,True,I want to update my account details,CUST7512,neutral,True,
C0934,2025-04-08 11:52:52.858087,A114,Team_5,S13,Start>Agent,858,False,True,How do I change my plan?,CUST5448,positive,True,
C0935,2025-04-21 01:26:46.518472,A118,Team_2,S14,Start>Billing>Agent,869,False,True,My service is down,CUST9602,positive,True,
C0936,2025-04-02 03:59:13.457324,A122,Team_3,S14,Start>TechSupport>Agent,235,True,True,I need help with my bill,CUST9741,positive,True,
C0937,2025-04-13 21:58:58.298466,A128,Team_3,S11,Start>Account>Agent,869,True,True,I want to update my account details,CUST4440,neutral,True,
C0938,2025-04-10 22:34:49.544608,A120,Team_5,S12,Start>Account,145,False,False,What is this extra charge?,CUST7690,negative,False,complex_request
C0939,2025-04-27 10:29:51.217049,A101,Team_1,S12,Start>TechSupport,808,False,False,What is this extra charge?,CUST5194,negative,True,ambiguous_query
C0940,2025-04-26 18:04:18.923391,A120,Team_3,S14,Start>Agent,271,False,True,I want to update my account details,CUST6312,positive,False,
C0941,2025-04-05 02:48:58.762975,A114,Team_2,S13,Start>Account,211,False,False,My internet isn’t working,CUST9125,positive,True,no_input
C0942,2025-04-11 06:15:41.581202,A106,Team_5,S13,Start>Billing,723,False,False,I need help with my bill,CUST6081,positive,True,ambiguous_query
C0943,2025-04-04 06:45:06.738796,A121,Team_5,S11,Start>TechSupport>Agent,206,True,True,How do I change my plan?,CUST5018,neutral,False,
C0944,2025-04-07 13:12:23.060325,A123,Team_5,S11,Start>Billing>Agent,677,True,True,How do I change my plan?,CUST7291,positive,True,
C0945,2025-04-02 11:07:28.285517,A104,Team_2,S10,Start>Account>Agent,206,True,True,I need help with my bill,CUST2742,neutral,False,
C0946,2025-04-23 09:57:45.289484,A106,Team_2,S13,Start>Sales,895,True,False,I can't log in,CUST6435,neutral,True,no_match
C0947,2025-04-27 14:18:32.710315,A117,Team_3,S14,Start>TechSupport>Agent,81,True,True,My internet isn’t working,CUST9923,positive,False,
C0948,2025-04-14 12:50:13.094280,A100,Team_2,S10,Start>TechSupport,497,False,False,What is this extra charge?,CUST6788,neutral,True,ambiguous_query
C0949,2025-04-01 23:08:47.723318,A121,Team_1,S13,Start>Billing,172,True,False,My internet isn’t working,CUST5617,positive,False,no_match
C0950,2025-04-07 19:47:59.000242,A111,Team_1,S10,Start>Billing,242,False,False,My service is down,CUST6486,neutral,False,no_input
C0951,2025-04-04 08:38:40.320503,A128,Team_3,S14,Start>Account>Agent,416,True,True,I can't log in,CUST9179,neutral,False,
C0952,2025-04-07 02:54:43.854087,A125,Team_1,S11,Start>Billing,387,True,False,How do I change my plan?,CUST8318,neutral,False,no_match
C0953,2025-04-19 14:13:12.090490,A103,Team_5,S13,Start>Account>Agent,208,True,True,I want to talk to a human,CUST3089,positive,False,
C0954,2025-04-25 21:06:02.596509,A110,Team_4,S13,Start>Sales,770,False,False,Where is my refund?,CUST6463,positive,True,ambiguous_query
C0955,2025-04-05 08:43:32.674263,A113,Team_5,S13,Start>Agent,606,False,True,My service is down,CUST9785,negative,False,
C0956,2025-04-28 04:22:11.340536,A118,Team_4,S14,Start>TechSupport,779,True,False,I want to update my account details,CUST6926,positive,True,complex_request
C0957,2025-04-14 09:42:22.283581,A117,Team_4,S11,Start>TechSupport>Agent,121,False,True,I want to talk to a human,CUST3283,positive,True,
C0958,2025-04-18 07:46:32.467122,A107,Team_2,S11,Start>Billing>Agent,824,True,True,My internet isn’t working,CUST3344,positive,True,
C0959,2025-04-17 05:22:09.934140,A111,Team_1,S10,Start>TechSupport>Agent,548,True,True,I need help with my bill,CUST3406,positive,True,
C0960,2025-04-20 23:45:00.047362,A102,Team_1,S14,Start>Sales>Agent,213,True,True,Can I cancel my service?,CUST3295,neutral,False,
C0961,2025-04-21 22:56:02.872104,A113,Team_3,S13,Start>Billing>Agent,353,True,True,What is this extra charge?,CUST1983,negative,True,
C0962,2025-04-27 22:32:28.000025,A116,Team_2,S10,Start>Sales>Agent,493,False,True,My service is down,CUST5227,negative,False,
C0963,2025-04-08 19:05:13.515499,A113,Team_2,S12,Start>TechSupport>Agent,594,False,True,What is this extra charge?,CUST4471,neutral,True,
C0964,2025-04-13 02:14:54.111522,A112,Team_2,S14,Start>TechSupport>Agent,896,False,True,Can I cancel my service?,CUST6131,neutral,False,
C0965,2025-04-08 00:08:37.770646,A105,Team_1,S12,Start>Sales>Agent,259,False,True,My internet isn’t working,CUST2710,positive,False,
C0966,2025-04-02 08:03:23.792336,A107,Team_3,S11,Start>Agent,169,True,True,I want to update my account details,CUST1179,neutral,False,
C0967,2025-04-23 21:25:22.753812,A117,Team_2,S10,Start>TechSupport,335,True,False,Where is my refund?,CUST1735,neutral,False,no_match
C0968,2025-04-13 07:47:21.281165,A101,Team_3,S10,Start>Account>Agent,68,False,True,I can't log in,CUST7523,neutral,False,
C0969,2025-04-26 01:06:25.924036,A123,Team_3,S11,Start>TechSupport>Agent,399,False,True,My service is down,CUST2654,neutral,True,
C0970,2025-04-29 14:41:49.331776,A118,Team_4,S13,Start>Billing>Agent,357,True,True,What is this extra charge?,CUST8587,positive,True,
C0971,2025-04-15 06:06:41.183250,A128,Team_2,S11,Start>Billing,573,False,False,Can I cancel my service?,CUST3149,positive,False,
C0972,2025-04-28 04:41:46.881343,A127,Team_4,S10,Start>Sales>Agent,304,True,True,Where is my refund?,CUST2228,negative,False,
C0973,2025-04-05 00:24:37.465518,A125,Team_1,S11,Start>Account>Agent,620,True,True,Can I cancel my service?,CUST2541,neutral,True,
C0974,2025-04-18 21:20:34.799956,A105,Team_1,S12,Start>Account,421,True,False,My internet isn’t working,CUST3935,neutral,False,complex_request
C0975,2025-04-20 02:25:46.281520,A115,Team_3,S13,Start>Billing,186,False,False,I need help with my bill,CUST6955,negative,False,ambiguous_query
C0976,2025-04-29 15:38:39.255063,A127,Team_5,S11,Start>Sales,435,False,False,I want to talk to a human,CUST2367,neutral,False,complex_request
C0977,2025-04-20 07:12:08.703583,A128,Team_1,S14,Start>Billing>Agent,818,True,True,My service is down,CUST1130,positive,True,
C0978,2025-04-14 06:43:38.647623,A112,Team_2,S14,Start>Sales>Agent,134,True,True,How do I change my plan?,CUST8573,neutral,False,
C0979,2025-04-21 00:21:23.195177,A114,Team_5,S13,Start>TechSupport>Agent,147,True,True,My internet isn’t working,CUST7503,neutral,True,
C0980,2025-04-14 08:00:05.650315,A110,Team_1,S12,Start>Account,678,False,False,I want to update my account details,CUST8802,positive,False,no_match
C0981,2025-04-01 13:53:29.438709,A117,Team_2,S13,Start>Billing,715,True,False,I want to talk to a human,CUST1513,negative,False,no_match
C0982,2025-04-03 23:23:54.400456,A129,Team_3,S13,Start>Sales,278,True,False,I want to update my account details,CUST1375,negative,False,complex_request
C0983,2025-05-01 00:24:28.789149,A108,Team_2,S10,Start>Billing,130,False,False,How do I change my plan?,CUST2338,positive,False,ambiguous_query
C0984,2025-04-16 01:33:01.286691,A116,Team_2,S12,Start>Billing,115,True,False,How do I change my plan?,CUST6603,negative,False,no_input
C0985,2025-04-23 05:53:51.482823,A106,Team_3,S13,Start>Sales,546,True,False,How do I change my plan?,CUST6811,negative,False,no_match
C0986,2025-04-25 09:22:58.692072,A117,Team_5,S11,Start>TechSupport>Agent,800,True,True,I want to talk to a human,CUST6185,positive,False,
C0987,2025-04-24 08:13:44.128406,A115,Team_3,S10,Start>Sales>Agent,329,True,True,Can I cancel my service?,CUST3059,neutral,True,
C0988,2025-04-05 07:56:44.677680,A106,Team_2,S13,Start>Agent,852,True,True,Where is my refund?,CUST7185,positive,True,
C0989,2025-04-22 13:55:23.095061,A121,Team_5,S10,Start>Account,893,False,False,I need help with my bill,CUST5947,negative,True,ambiguous_query
C0990,2025-04-03 04:43:13.777311,A120,Team_4,S13,Start>Sales>Agent,420,False,True,My service is down,CUST7977,neutral,False,
C0991,2025-04-21 21:52:28.819557,A129,Team_2,S13,Start>Sales>Agent,442,True,True,My service is down,CUST3664,neutral,False,
C0992,2025-04-02 03:23:04.072873,A127,Team_4,S12,Start>TechSupport>Agent,149,True,True,My internet isn’t working,CUST1269,neutral,False,
C0993,2025-04-28 12:16:44.824518,A115,Team_5,S14,Start>TechSupport>Agent,708,False,True,My service is down,CUST1534,neutral,False,
C0994,2025-04-10 10:11:12.290702,A107,Team_4,S14,Start>Sales>Agent,177,True,True,Can I cancel my service?,CUST3038,positive,False,
C0995,2025-04-14 22:42:33.854584,A129,Team_4,S10,Start>Account,860,True,False,My service is down,CUST5646,positive,False,complex_request
C0996,2025-04-01 09:31:33.847711,A126,Team_4,S11,Start>Billing>Agent,484,True,True,I need help with my bill,CUST1430,positive,False,
C0997,2025-04-28 05:55:50.829373,A110,Team_2,S14,Start>Sales>Agent,307,False,True,I want to update my account details,CUST7444,negative,False,
C0998,2025-04-20 15:03:42.234906,A120,Team_4,S11,Start>Sales>Agent,385,True,True,How do I change my plan?,CUST4784,positive,True,
C0999,2025-04-04 03:37:35.508591,A120,Team_5,S13,Start>Account>Agent,626,True,True,I want to talk to a human,CUST4338,positive,True,
C1000,2025-04-24 15:12:40.644644,A100,Team_5,S11,Start>Billing>Agent,692,True,True,Where is my refund?,CUST7265,positive,True,
C1001,2025-04-15 12:43:09.991914,A120,Team_3,S11,Start>TechSupport,728,True,False,I can't log in,CUST4175,neutral,True,ambiguous_query
C1002,2025-04-24 15:46:34.959313,A124,Team_3,S10,Start>Account>Agent,144,True,True,I need help with my bill,CUST2694,positive,True,
C1003,2025-04-04 13:47:01.685992,A104,Team_3,S12,Start>Billing,155,True,False,Can I cancel my service?,CUST6921,negative,True,ambiguous_query
C1004,2025-04-20 13:40:28.275584,A103,Team_4,S10,Start>Sales>Agent,135,False,True,My internet isn’t working,CUST4445,neutral,False,
C1005,2025-04-06 11:51:21.574640,A120,Team_4,S11,Start>Billing,365,True,False,What is this extra charge?,CUST1515,positive,False,complex_request
C1006,2025-04-26 11:33:00.870414,A115,Team_5,S14,Start>Agent,65,True,True,My service is down,CUST5169,negative,True,
C1007,2025-04-07 22:52:15.730387,A117,Team_1,S14,Start>Agent,839,True,True,I want to update my account details,CUST6978,positive,True,
C1008,2025-04-08 22:19:11.326197,A110,Team_2,S11,Start>TechSupport>Agent,805,True,True,I can't log in,CUST5483,neutral,True,
C1009,2025-04-01 23:59:15.938519,A122,Team_5,S12,Start>Sales,823,False,False,How do I change my plan?,CUST9399,negative,True,complex_request
C1010,2025-04-26 05:49:20.445566,A105,Team_2,S12,Start>Sales>Agent,165,False,True,What is this extra charge?,CUST4372,negative,False,
C1011,2025-04-24 04:43:21.613285,A128,Team_4,S13,Start>Account>Agent,895,False,True,Where is my refund?,CUST2762,neutral,False,
C1012,2025-04-24 23:07:07.680780,A118,Team_3,S12,Start>TechSupport>Agent,520,True,True,I need help with my bill,CUST9378,positive,False,
C1013,2025-04-11 07:18:44.348674,A119,Team_5,S12,Start>Sales>Agent,90,True,True,What is this extra charge?,CUST6286,neutral,True,
C1014,2025-04-15 18:04:24.828399,A107,Team_1,S11,Start>Account,440,True,False,I want to talk to a human,CUST3003,positive,True,complex_request
C1015,2025-04-14 10:21:09.486215,A106,Team_4,S14,Start>Account,298,True,False,How do I change my plan?,CUST5646,neutral,True,no_match
C1016,2025-04-09 20:57:55.402193,A117,Team_3,S14,Start>TechSupport>Agent,647,False,True,How do I change my plan?,CUST6206,negative,True,
C1017,2025-04-26 13:46:07.592514,A101,Team_4,S13,Start>Billing>Agent,341,False,True,My internet isn’t working,CUST3033,neutral,False,
C1018,2025-04-08 14:19:10.309631,A107,Team_5,S10,Start>Account>Agent,78,True,True,Can I cancel my service?,CUST5659,positive,False,
C1019,2025-04-10 08:35:23.376210,A128,Team_5,S14,Start>Billing>Agent,405,True,True,My internet isn’t working,CUST8698,positive,False,
C1020,2025-04-11 15:52:23.703417,A108,Team_3,S12,Start>Sales>Agent,141,False,True,Can I cancel my service?,CUST1771,positive,False,
C1021,2025-04-04 17:12:53.078400,A127,Team_1,S12,Start>TechSupport>Agent,89,True,True,I need help with my bill,CUST1170,positive,False,
C1022,2025-04-03 05:24:11.187497,A107,Team_2,S10,Start>TechSupport,801,False,False,My service is down,CUST1080,negative,True,complex_request
C1023,2025-04-11 05:43:52.366835,A128,Team_1,S10,Start>Billing>Agent,371,True,True,I can't log in,CUST6395,neutral,False,
C1024,2025-04-02 00:39:46.340701,A122,Team_2,S11,Start>Sales,182,True,False,I want to talk to a human,CUST3424,neutral,False,ambiguous_query
C1025,2025-04-20 01:52:43.186201,A121,Team_1,S14,Start>Agent,306,False,True,Can I cancel my service?,CUST5596,positive,False,
C1026,2025-04-15 10:38:17.044728,A102,Team_3,S12,Start>TechSupport>Agent,421,True,True,I want to update my account details,CUST2278,positive,False,
C1027,2025-04-18 07:27:26.957172,A106,Team_1,S11,Start>Sales,898,False,False,I want to update my account details,CUST8989,positive,True,
C1028,2025-04-28 07:11:18.272649,A124,Team_5,S14,Start>Account,838,False,False,Can I cancel my service?,CUST3523,negative,True,no_input
C1029,2025-04-03 16:15:34.524513,A107,Team_3,S13,Start>Sales,695,True,False,How do I change my plan?,CUST4079,positive,False,no_input
C1030,2025-04-02 21:34:19.410669,A121,Team_3,S14,Start>TechSupport>Agent,210,False,True,My internet isn’t working,CUST2805,positive,False,
C1031,2025-04-07 05:15:27.252426,A108,Team_1,S13,Start>Agent,523,False,True,I can't log in,CUST2938,negative,True,
C1032,2025-04-04 10:12:50.262340,A113,Team_2,S11,Start>Sales>Agent,574,False,True,My service is down,CUST6467,positive,False,
C1033,2025-04-06 23:08:34.045099,A103,Team_1,S13,Start>Sales>Agent,258,False,True,I want to update my account details,CUST7597,positive,False,
C1034,2025-04-11 20:25:55.116086,A116,Team_4,S10,Start>Billing>Agent,721,True,True,My internet isn’t working,CUST4597,positive,True,
C1035,2025-04-29 00:32:24.386946,A107,Team_1,S14,Start>TechSupport>Agent,342,True,True,Where is my refund?,CUST7628,positive,True,
C1036,2025-04-10 18:18:36.218205,A123,Team_3,S13,Start>TechSupport,235,True,False,I want to talk to a human,CUST5718,neutral,False,no_match
C1037,2025-04-21 13:21:49.997712,A103,Team_2,S14,Start>Sales,816,False,False,I want to update my account details,CUST3789,positive,True,no_input
C1038,2025-04-27 06:11:41.208177,A105,Team_3,S13,Start>Billing,73,False,False,How do I change my plan?,CUST6473,positive,False,no_match
C1039,2025-04-28 11:01:36.879622,A105,Team_1,S14,Start>Account,545,True,False,Can I cancel my service?,CUST5055,neutral,True,no_match
C1040,2025-04-18 14:58:21.552751,A118,Team_3,S11,Start>Agent,575,True,True,What is this extra charge?,CUST2538,positive,False,
C1041,2025-04-06 12:34:04.467953,A115,Team_3,S14,Start>Account>Agent,739,False,True,I can't log in,CUST6968,neutral,False,
C1042,2025-04-10 11:34:34.327298,A122,Team_3,S14,Start>Sales,175,False,False,My service is down,CUST1339,positive,False,no_input
C1043,2025-04-27 20:58:05.091402,A121,Team_2,S12,Start>Sales,91,True,False,Where is my refund?,CUST8056,positive,True,no_input
C1044,2025-04-11 13:42:53.589899,A129,Team_4,S10,Start>Account>Agent,701,False,True,My service is down,CUST3866,positive,False,
C1045,2025-04-15 00:35:23.131839,A112,Team_5,S13,Start>Account>Agent,376,True,True,I need help with my bill,CUST9520,neutral,True,
C1046,2025-04-20 00:27:39.437742,A125,Team_4,S14,Start>Account,355,True,False,I need help with my bill,CUST9174,negative,True,ambiguous_query
C1047,2025-04-26 00:08:54.815253,A121,Team_2,S14,Start>Account>Agent,698,True,True,I can't log in,CUST8976,positive,False,
C1048,2025-04-09 17:50:50.586087,A114,Team_1,S11,Start>Account>Agent,667,True,True,I need help with my bill,CUST9001,positive,False,
C1049,2025-04-26 06:03:29.913216,A121,Team_1,S10,Start>Account>Agent,201,False,True,I can't log in,CUST9224,neutral,True,
C1050,2025-04-17 01:32:56.894299,A122,Team_3,S11,Start>TechSupport,502,True,False,I can't log in,CUST4585,positive,False,no_input
C1051,2025-04-01 17:00:04.486717,A125,Team_4,S13,Start>Sales>Agent,160,False,True,I can't log in,CUST6091,positive,False,
C1052,2025-04-06 09:15:05.256116,A125,Team_5,S11,Start>TechSupport,316,True,False,How do I change my plan?,CUST4268,positive,True,complex_request
C1053,2025-04-07 02:36:35.055164,A118,Team_4,S14,Start>Billing,444,False,False,My internet isn’t working,CUST3270,neutral,False,
C1054,2025-04-23 08:33:37.398542,A129,Team_3,S13,Start>Account,497,False,False,How do I change my plan?,CUST7721,neutral,True,ambiguous_query
C1055,2025-04-15 12:53:20.680406,A102,Team_2,S14,Start>Account>Agent,865,True,True,Where is my refund?,CUST9391,positive,False,
C1056,2025-04-13 08:20:33.952299,A124,Team_4,S11,Start>Sales>Agent,746,True,True,Can I cancel my service?,CUST9487,neutral,True,
C1057,2025-04-20 22:59:19.888510,A101,Team_3,S10,Start>Account,668,True,False,I can't log in,CUST8888,neutral,True,no_match
C1058,2025-04-22 17:39:08.110611,A123,Team_5,S14,Start>Billing>Agent,778,True,True,My service is down,CUST3361,neutral,False,
C1059,2025-04-16 18:02:47.025014,A107,Team_2,S12,Start>Account>Agent,796,True,True,Can I cancel my service?,CUST4288,positive,True,
C1060,2025-04-27 10:12:11.036265,A119,Team_1,S14,Start>TechSupport>Agent,313,True,True,My internet isn’t working,CUST8761,positive,False,
C1061,2025-04-02 03:10:45.961965,A101,Team_1,S12,Start>Sales>Agent,555,True,True,I want to update my account details,CUST9957,positive,False,
C1062,2025-04-17 01:47:32.863888,A113,Team_2,S10,Start>Billing,205,True,False,What is this extra charge?,CUST9380,neutral,True,ambiguous_query
C1063,2025-04-30 07:36:07.026159,A115,Team_3,S12,Start>TechSupport>Agent,662,False,True,I want to talk to a human,CUST5508,positive,True,
C1064,2025-04-17 17:22:32.703738,A113,Team_4,S11,Start>Billing>Agent,350,False,True,My internet isn’t working,CUST7380,positive,False,
C1065,2025-04-23 13:03:10.008748,A120,Team_5,S13,Start>Billing>Agent,423,True,True,Can I cancel my service?,CUST8509,positive,True,
C1066,2025-04-30 16:24:04.029549,A116,Team_5,S11,Start>Account,783,False,False,My service is down,CUST2028,positive,True,complex_request
C1067,2025-04-26 16:45:59.397979,A120,Team_5,S12,Start>Sales,792,True,False,I can't log in,CUST5963,negative,True,ambiguous_query
C1068,2025-04-22 02:56:08.088552,A112,Team_4,S14,Start>Billing,649,False,False,What is this extra charge?,CUST6309,neutral,False,
C1069,2025-04-26 16:48:28.723222,A119,Team_4,S10,Start>Billing>Agent,90,True,True,I want to update my account details,CUST2581,neutral,False,
C1070,2025-04-09 05:05:45.253139,A110,Team_2,S11,Start>TechSupport>Agent,238,False,True,How do I change my plan?,CUST2054,positive,False,
C1071,2025-04-28 16:26:39.828117,A101,Team_1,S13,Start>Account,681,True,False,What is this extra charge?,CUST6261,positive,False,ambiguous_query
C1072,2025-04-21 14:17:50.160148,A104,Team_5,S14,Start>TechSupport,260,False,False,Can I cancel my service?,CUST8168,neutral,True,no_input
C1073,2025-04-08 01:43:16.713191,A123,Team_2,S13,Start>Agent,888,True,True,My internet isn’t working,CUST1397,neutral,True,
C1074,2025-04-27 10:22:33.736061,A101,Team_2,S10,Start>Account,852,False,False,Where is my refund?,CUST9955,negative,False,no_input
C1075,2025-04-02 06:13:55.852475,A121,Team_5,S13,Start>TechSupport,272,False,False,My service is down,CUST6768,positive,True,no_match
C1076,2025-04-23 02:30:32.191831,A114,Team_4,S13,Start>TechSupport>Agent,642,True,True,What is this extra charge?,CUST9474,positive,True,
C1077,2025-04-06 01:34:15.494448,A107,Team_1,S14,Start>Agent,398,True,True,I want to update my account details,CUST5749,negative,False,
C1078,2025-04-26 02:45:05.165337,A122,Team_3,S10,Start>Billing,354,True,False,My service is down,CUST4955,negative,False,ambiguous_query
C1079,2025-04-23 07:47:47.283575,A119,Team_1,S14,Start>TechSupport>Agent,656,False,True,I can't log in,CUST1491,positive,False,
C1080,2025-04-09 18:50:50.113510,A106,Team_3,S10,Start>Billing,269,False,False,I need help with my bill,CUST4860,neutral,True,complex_request
C1081,2025-04-20 03:32:01.172883,A102,Team_4,S14,Start>TechSupport>Agent,624,False,True,What is this extra charge?,CUST5432,neutral,True,
C1082,2025-04-22 14:13:04.119708,A115,Team_5,S11,Start>Account,501,False,False,I can't log in,CUST4731,positive,True,no_match
C1083,2025-04-04 20:13:42.986048,A124,Team_2,S14,Start>Sales>Agent,758,True,True,My service is down,CUST8899,positive,False,
C1084,2025-04-22 15:38:38.148279,A113,Team_4,S14,Start>Billing,178,False,False,My internet isn’t working,CUST7024,positive,False,ambiguous_query
C1085,2025-04-02 02:52:16.373193,A129,Team_1,S11,Start>TechSupport,154,True,False,I want to update my account details,CUST7767,neutral,True,no_match
C1086,2025-04-16 20:43:50.849530,A127,Team_2,S10,Start>TechSupport>Agent,118,True,True,Can I cancel my service?,CUST3958,positive,False,
C1087,2025-04-05 06:45:30.285455,A119,Team_2,S12,Start>Billing,680,False,False,Can I cancel my service?,CUST3005,neutral,True,complex_request
C1088,2025-04-06 07:59:21.472980,A117,Team_2,S13,Start>Account,285,False,False,I can't log in,CUST7011,neutral,False,no_input
C1089,2025-04-17 16:57:37.571764,A116,Team_3,S12,Start>Agent,575,True,True,I need help with my bill,CUST6679,negative,False,
C1090,2025-04-16 10:14:11.402154,A102,Team_2,S11,Start>Agent,296,False,True,My service is down,CUST4453,positive,True,
C1091,2025-04-22 18:57:21.583935,A107,Team_4,S13,Start>TechSupport>Agent,81,False,True,I need help with my bill,CUST5428,positive,False,
C1092,2025-04-13 04:09:40.802947,A126,Team_1,S10,Start>Account>Agent,684,False,True,Can I cancel my service?,CUST1308,negative,False,
C1093,2025-04-02 21:02:37.426310,A101,Team_2,S11,Start>Sales>Agent,248,False,True,My service is down,CUST1856,neutral,True,
C1094,2025-04-10 23:12:31.839566,A129,Team_1,S14,Start>Account,328,True,False,I need help with my bill,CUST6586,neutral,False,ambiguous_query
C1095,2025-04-29 06:39:03.864961,A125,Team_1,S10,Start>Agent,457,False,True,My service is down,CUST8594,neutral,False,
C1096,2025-04-10 00:35:43.202194,A112,Team_4,S11,Start>Billing,75,False,False,I can't log in,CUST2401,negative,False,complex_request
C1097,2025-04-06 02:39:16.033226,A118,Team_4,S10,Start>Account>Agent,430,False,True,I can't log in,CUST1202,positive,False,
C1098,2025-04-19 13:28:17.482448,A127,Team_2,S13,Start>Sales,77,False,False,I need help with my bill,CUST8642,positive,False,ambiguous_query
C1099,2025-04-12 14:14:51.423100,A120,Team_5,S11,Start>Sales>Agent,119,True,True,I can't log in,CUST6145,negative,False,
C1100,2025-04-24 02:35:42.636698,A108,Team_3,S12,Start>Sales,190,True,False,What is this extra charge?,CUST3406,negative,True,no_input
C1101,2025-04-07 01:27:22.902349,A103,Team_1,S11,Start>Agent,510,False,True,I need help with my bill,CUST4734,positive,False,
C1102,2025-04-30 05:22:28.240912,A100,Team_3,S14,Start>Billing>Agent,674,True,True,I want to talk to a human,CUST2788,positive,False,
C1103,2025-04-22 13:46:14.314518,A116,Team_1,S11,Start>TechSupport,393,False,False,How do I change my plan?,CUST2169,neutral,False,no_input
C1104,2025-04-27 02:48:00.880179,A100,Team_3,S14,Start>Account,403,False,False,I want to talk to a human,CUST8711,negative,False,
C1105,2025-04-24 22:34:04.992275,A100,Team_2,S12,Start>Billing>Agent,357,True,True,Where is my refund?,CUST1418,positive,True,
C1106,2025-04-17 23:37:46.768097,A116,Team_5,S14,Start>Account,280,False,False,Where is my refund?,CUST1534,neutral,True,ambiguous_query
C1107,2025-04-11 02:31:40.623418,A124,Team_1,S10,Start>TechSupport,638,False,False,My service is down,CUST2986,negative,True,
C1108,2025-04-04 19:26:50.278738,A115,Team_5,S14,Start>Sales,384,False,False,I want to update my account details,CUST5801,negative,False,no_input
C1109,2025-04-08 21:48:17.260520,A125,Team_3,S11,Start>Sales,382,True,False,I want to update my account details,CUST8291,neutral,False,complex_request
C1110,2025-04-15 01:31:02.397949,A102,Team_3,S14,Start>Agent,138,False,True,Can I cancel my service?,CUST4774,neutral,False,
C1111,2025-04-24 05:56:45.806321,A118,Team_2,S14,Start>TechSupport,855,False,False,Where is my refund?,CUST3263,neutral,False,complex_request
C1112,2025-04-12 08:23:38.526967,A110,Team_1,S10,Start>Sales>Agent,491,True,True,Where is my refund?,CUST9096,neutral,True,
C1113,2025-04-07 18:53:51.707928,A128,Team_4,S10,Start>Billing,183,False,False,I can't log in,CUST8698,neutral,True,no_match
C1114,2025-04-21 17:23:31.382764,A126,Team_4,S10,Start>Billing,134,True,False,My service is down,CUST9672,negative,False,complex_request
C1115,2025-04-14 14:30:51.967842,A104,Team_4,S14,Start>TechSupport,789,False,False,My internet isn’t working,CUST6518,negative,False,
C1116,2025-04-26 21:05:24.574631,A119,Team_5,S10,Start>Billing>Agent,135,False,True,Can I cancel my service?,CUST7699,neutral,False,
C1117,2025-04-15 07:13:00.205087,A124,Team_4,S11,Start>Billing,801,True,False,What is this extra charge?,CUST1127,neutral,False,ambiguous_query
C1118,2025-04-22 14:03:27.201873,A112,Team_3,S13,Start>Billing,580,False,False,My internet isn’t working,CUST4805,positive,False,no_match
C1119,2025-04-16 00:01:53.471457,A118,Team_5,S14,Start>Agent,496,False,True,I want to talk to a human,CUST7292,positive,True,
C1120,2025-04-02 03:15:24.933169,A101,Team_2,S13,Start>Agent,344,False,True,My internet isn’t working,CUST6690,positive,True,
C1121,2025-04-09 07:36:25.190925,A108,Team_4,S13,Start>TechSupport,233,False,False,I can't log in,CUST2738,negative,False,no_input
C1122,2025-04-08 17:52:54.157045,A103,Team_2,S14,Start>Agent,832,True,True,I need help with my bill,CUST1651,negative,True,
C1123,2025-04-17 19:19:48.453057,A115,Team_1,S12,Start>TechSupport,348,False,False,Can I cancel my service?,CUST9534,positive,False,complex_request
C1124,2025-04-16 08:39:15.377260,A129,Team_1,S10,Start>Sales,502,False,False,I can't log in,CUST2423,negative,False,no_match
C1125,2025-04-11 15:17:23.467231,A111,Team_1,S11,Start>TechSupport>Agent,394,True,True,My service is down,CUST6494,positive,True,
C1126,2025-04-20 16:55:58.791991,A128,Team_1,S13,Start>TechSupport>Agent,782,False,True,I want to update my account details,CUST1583,negative,True,
C1127,2025-04-29 02:18:00.631779,A104,Team_5,S13,Start>TechSupport,749,True,False,I can't log in,CUST8702,positive,True,ambiguous_query
C1128,2025-04-29 13:57:49.015896,A109,Team_2,S11,Start>TechSupport>Agent,588,True,True,I need help with my bill,CUST8115,positive,True,
C1129,2025-04-14 12:59:33.136062,A101,Team_4,S12,Start>Sales>Agent,706,True,True,I want to talk to a human,CUST8933,neutral,True,
C1130,2025-04-01 20:13:23.230078,A126,Team_2,S12,Start>Sales,561,False,False,Where is my refund?,CUST6851,neutral,False,no_match
C1131,2025-04-04 00:52:46.513533,A107,Team_1,S12,Start>Sales>Agent,517,False,True,I want to update my account details,CUST7960,positive,False,
C1132,2025-04-08 04:04:22.827718,A121,Team_1,S12,Start>Sales>Agent,781,True,True,Can I cancel my service?,CUST9014,neutral,True,
C1133,2025-04-07 02:16:24.158992,A109,Team_3,S14,Start>TechSupport,861,False,False,I need help with my bill,CUST6295,positive,False,ambiguous_query
C1134,2025-04-29 03:35:05.414505,A112,Team_4,S13,Start>Sales>Agent,326,True,True,I can't log in,CUST8954,neutral,False,
C1135,2025-04-13 19:06:26.002805,A109,Team_4,S13,Start>TechSupport,646,True,False,My service is down,CUST4378,neutral,True,
C1136,2025-04-05 13:37:42.852807,A119,Team_3,S11,Start>Agent,80,True,True,How do I change my plan?,CUST2478,neutral,False,
C1137,2025-04-25 23:26:16.839707,A124,Team_5,S10,Start>Billing>Agent,591,True,True,I want to talk to a human,CUST9773,positive,True,
C1138,2025-04-14 11:02:22.716873,A127,Team_2,S12,Start>Billing,442,False,False,How do I change my plan?,CUST4532,neutral,True,no_match
C1139,2025-04-05 13:37:01.951593,A101,Team_1,S14,Start>TechSupport>Agent,573,False,True,Can I cancel my service?,CUST1692,positive,False,
C1140,2025-04-14 22:30:57.556100,A107,Team_2,S10,Start>Account>Agent,827,True,True,How do I change my plan?,CUST7565,positive,False,
C1141,2025-04-24 05:12:55.909921,A102,Team_1,S14,Start>Sales>Agent,80,True,True,My service is down,CUST3487,positive,False,
C1142,2025-04-12 01:30:24.120329,A126,Team_5,S12,Start>Account,495,True,False,I can't log in,CUST5490,neutral,True,complex_request
C1143,2025-04-29 03:28:14.339145,A120,Team_5,S13,Start>Sales>Agent,358,False,True,My internet isn’t working,CUST4641,negative,False,
C1144,2025-04-23 15:13:40.589837,A109,Team_5,S14,Start>TechSupport,451,True,False,Can I cancel my service?,CUST7449,negative,True,ambiguous_query
C1145,2025-04-27 00:50:18.520311,A107,Team_5,S10,Start>Sales>Agent,849,True,True,Can I cancel my service?,CUST7059,neutral,True,
C1146,2025-04-01 23:23:01.843346,A110,Team_2,S10,Start>TechSupport>Agent,634,True,True,I want to update my account details,CUST9025,neutral,True,
C1147,2025-04-03 00:11:09.159559,A112,Team_5,S13,Start>Agent,800,True,True,I need help with my bill,CUST9084,positive,False,
C1148,2025-04-12 02:17:19.192432,A126,Team_2,S10,Start>Account,765,False,False,I need help with my bill,CUST5393,neutral,False,
C1149,2025-04-21 17:07:19.255793,A115,Team_3,S11,Start>Account,532,False,False,My service is down,CUST2334,negative,False,no_match
C1150,2025-04-24 17:59:24.840288,A112,Team_2,S10,Start>Billing,592,True,False,What is this extra charge?,CUST4233,neutral,True,no_match
C1151,2025-04-30 17:36:52.191418,A128,Team_4,S13,Start>Billing,701,False,False,What is this extra charge?,CUST9963,neutral,True,complex_request
C1152,2025-04-25 15:47:22.655572,A103,Team_4,S12,Start>Account>Agent,595,False,True,Where is my refund?,CUST7088,neutral,True,
C1153,2025-04-23 07:45:54.490386,A109,Team_5,S11,Start>Account,591,False,False,Can I cancel my service?,CUST8583,positive,False,no_input
C1154,2025-04-05 14:01:58.445968,A105,Team_5,S13,Start>Billing>Agent,385,False,True,What is this extra charge?,CUST3463,neutral,True,
C1155,2025-04-06 08:58:00.166983,A122,Team_2,S11,Start>TechSupport>Agent,610,False,True,I want to talk to a human,CUST2551,positive,False,
C1156,2025-04-17 03:17:51.799083,A102,Team_3,S14,Start>TechSupport,413,True,False,I want to update my account details,CUST5498,positive,False,
C1157,2025-04-17 10:29:12.395976,A123,Team_3,S12,Start>Sales>Agent,320,True,True,My internet isn’t working,CUST3497,positive,True,
C1158,2025-04-02 05:08:20.004358,A105,Team_3,S14,Start>TechSupport>Agent,189,False,True,I want to talk to a human,CUST5542,negative,False,
C1159,2025-04-28 20:22:13.395286,A105,Team_1,S11,Start>TechSupport,153,True,False,What is this extra charge?,CUST3700,neutral,True,complex_request
C1160,2025-04-25 15:55:37.613931,A102,Team_1,S11,Start>Agent,886,False,True,How do I change my plan?,CUST8728,positive,True,
C1161,2025-04-03 12:50:08.653257,A117,Team_4,S13,Start>Sales>Agent,783,False,True,I want to talk to a human,CUST6107,negative,False,
C1162,2025-04-25 13:53:07.016509,A128,Team_5,S11,Start>Billing,708,False,False,What is this extra charge?,CUST8163,neutral,False,complex_request
C1163,2025-04-26 05:40:47.615932,A121,Team_1,S14,Start>Sales>Agent,727,False,True,What is this extra charge?,CUST1414,negative,False,
C1164,2025-04-06 01:13:41.233775,A123,Team_4,S11,Start>Agent,255,False,True,I want to talk to a human,CUST3932,negative,True,
C1165,2025-04-22 08:59:33.558791,A114,Team_3,S14,Start>TechSupport,65,False,False,I want to talk to a human,CUST2541,negative,False,
C1166,2025-04-09 04:01:49.338643,A129,Team_1,S14,Start>Account>Agent,94,False,True,Can I cancel my service?,CUST7525,positive,False,
C1167,2025-04-07 06:52:23.301007,A120,Team_1,S14,Start>Billing>Agent,795,False,True,Where is my refund?,CUST8446,neutral,False,
C1168,2025-04-17 12:03:36.484367,A101,Team_3,S10,Start>Billing,782,True,False,What is this extra charge?,CUST2356,neutral,True,no_match
C1169,2025-04-17 03:54:34.334782,A114,Team_1,S12,Start>TechSupport>Agent,617,False,True,I want to update my account details,CUST1273,positive,False,
C1170,2025-04-19 11:52:16.601826,A128,Team_5,S12,Start>Agent,74,False,True,How do I change my plan?,CUST2007,positive,True,
C1171,2025-04-29 21:05:17.689906,A102,Team_2,S13,Start>Billing>Agent,342,True,True,My service is down,CUST7705,positive,True,
C1172,2025-04-13 01:41:33.707454,A108,Team_5,S12,Start>TechSupport>Agent,409,False,True,Where is my refund?,CUST2410,neutral,False,
C1173,2025-04-29 11:33:49.416342,A103,Team_1,S11,Start>TechSupport>Agent,250,False,True,Where is my refund?,CUST1329,neutral,True,
C1174,2025-04-19 01:42:01.263531,A120,Team_3,S13,Start>TechSupport>Agent,801,True,True,I can't log in,CUST4130,neutral,True,
C1175,2025-04-05 07:44:09.664344,A101,Team_4,S12,Start>Billing,345,True,False,Where is my refund?,CUST6169,neutral,True,complex_request
C1176,2025-04-15 12:18:10.244423,A128,Team_2,S11,Start>Account>Agent,325,False,True,I can't log in,CUST2514,neutral,False,
C1177,2025-04-20 00:03:47.064928,A124,Team_5,S13,Start>Billing,97,False,False,What is this extra charge?,CUST9813,neutral,False,complex_request
C1178,2025-04-02 08:48:24.547366,A120,Team_3,S11,Start>Account,776,False,False,My internet isn’t working,CUST9409,neutral,False,no_input
C1179,2025-04-27 23:08:26.801618,A114,Team_3,S10,Start>TechSupport>Agent,589,True,True,Can I cancel my service?,CUST3290,neutral,False,
C1180,2025-04-19 01:46:45.966700,A118,Team_4,S14,Start>Billing>Agent,390,True,True,I want to talk to a human,CUST1129,positive,False,
C1181,2025-04-24 17:56:23.513817,A110,Team_1,S11,Start>Account,373,True,False,Can I cancel my service?,CUST9958,positive,True,ambiguous_query
C1182,2025-04-26 14:07:24.992711,A125,Team_5,S13,Start>Sales>Agent,808,False,True,Can I cancel my service?,CUST4990,positive,False,
C1183,2025-04-15 08:30:28.800514,A115,Team_4,S12,Start>Billing>Agent,299,True,True,How do I change my plan?,CUST7977,neutral,False,
C1184,2025-04-01 22:38:22.909289,A105,Team_5,S11,Start>Account>Agent,671,True,True,Where is my refund?,CUST3286,positive,False,
C1185,2025-04-15 00:46:01.166879,A102,Team_3,S11,Start>Account,529,False,False,What is this extra charge?,CUST8546,positive,True,no_input
C1186,2025-04-19 19:44:39.324814,A128,Team_2,S12,Start>Account>Agent,142,True,True,I want to update my account details,CUST4331,neutral,True,
C1187,2025-04-05 10:58:52.048511,A121,Team_5,S12,Start>Billing>Agent,548,True,True,I want to talk to a human,CUST2636,neutral,False,
C1188,2025-04-19 15:15:27.373445,A129,Team_4,S13,Start>Sales,783,True,False,My internet isn’t working,CUST7350,positive,True,ambiguous_query
C1189,2025-04-27 15:04:43.826569,A124,Team_3,S12,Start>Sales>Agent,671,False,True,My service is down,CUST2174,positive,True,
C1190,2025-04-12 04:59:07.549621,A128,Team_5,S11,Start>TechSupport,437,False,False,I want to talk to a human,CUST9215,negative,False,no_match
C1191,2025-04-21 07:54:28.628918,A120,Team_2,S11,Start>Sales,252,True,False,I want to update my account details,CUST5946,neutral,False,ambiguous_query
C1192,2025-04-02 18:15:30.227923,A120,Team_2,S13,Start>Billing,351,False,False,How do I change my plan?,CUST8875,positive,False,no_input
C1193,2025-04-05 17:43:58.302012,A105,Team_4,S14,Start>TechSupport>Agent,536,True,True,I want to talk to a human,CUST2661,neutral,False,
C1194,2025-04-06 02:24:08.818939,A105,Team_3,S11,Start>Agent,453,False,True,I need help with my bill,CUST8964,neutral,False,
C1195,2025-04-13 13:32:50.325042,A124,Team_1,S12,Start>Sales>Agent,324,True,True,Where is my refund?,CUST8377,neutral,False,
C1196,2025-04-30 07:22:01.732786,A127,Team_5,S12,Start>TechSupport>Agent,864,True,True,How do I change my plan?,CUST9711,neutral,True,
C1197,2025-04-28 16:15:50.964630,A100,Team_3,S14,Start>Account>Agent,262,False,True,How do I change my plan?,CUST1795,neutral,True,
C1198,2025-04-03 19:15:50.184440,A127,Team_4,S13,Start>Account,111,False,False,I can't log in,CUST7974,positive,False,no_match
C1199,2025-04-29 18:18:15.026488,A117,Team_3,S11,Start>Account>Agent,425,False,True,I need help with my bill,CUST8319,positive,True,
C1200,2025-04-14 05:11:49.295487,A111,Team_1,S14,Start>Sales>Agent,314,True,True,My internet isn’t working,CUST9765,positive,True,
C1201,2025-04-03 09:55:32.062462,A113,Team_3,S12,Start>Sales,765,True,False,My service is down,CUST8510,positive,False,complex_request
C1202,2025-04-13 04:55:48.232960,A101,Team_2,S14,Start>TechSupport>Agent,451,True,True,I want to talk to a human,CUST5947,neutral,True,
C1203,2025-04-20 07:51:53.971788,A123,Team_3,S10,Start>Sales>Agent,179,True,True,Where is my refund?,CUST5275,negative,True,
C1204,2025-04-26 23:54:54.067197,A111,Team_5,S13,Start>TechSupport,838,False,False,I can't log in,CUST4042,positive,True,
C1205,2025-04-30 20:21:15.569858,A112,Team_2,S12,Start>Account>Agent,65,False,True,I want to update my account details,CUST1306,neutral,True,
C1206,2025-04-17 08:04:04.605510,A108,Team_4,S14,Start>Account,159,True,False,I want to update my account details,CUST1296,neutral,True,no_match
C1207,2025-04-18 06:25:08.787290,A119,Team_3,S14,Start>Sales,662,False,False,Where is my refund?,CUST6386,neutral,False,
C1208,2025-04-10 03:03:46.827352,A100,Team_3,S12,Start>Account,414,False,False,What is this extra charge?,CUST8568,negative,False,no_input
C1209,2025-04-26 14:08:39.281154,A117,Team_2,S13,Start>Account>Agent,472,True,True,Where is my refund?,CUST2287,neutral,False,
C1210,2025-04-06 02:22:39.357285,A106,Team_5,S12,Start>Account>Agent,358,False,True,Can I cancel my service?,CUST8657,positive,True,
C1211,2025-04-18 15:01:56.741261,A118,Team_4,S13,Start>Billing>Agent,829,False,True,My service is down,CUST9040,negative,False,
C1212,2025-04-11 15:43:23.578653,A112,Team_5,S10,Start>TechSupport>Agent,465,True,True,I want to update my account details,CUST2812,neutral,True,
C1213,2025-04-11 16:23:19.619372,A124,Team_4,S14,Start>Sales>Agent,420,True,True,How do I change my plan?,CUST5569,positive,False,
C1214,2025-04-22 01:59:27.021115,A121,Team_3,S14,Start>Agent,605,False,True,I want to update my account details,CUST7618,neutral,False,
C1215,2025-04-05 14:27:13.095579,A126,Team_4,S11,Start>Billing,469,False,False,I need help with my bill,CUST9727,negative,False,no_input
C1216,2025-04-06 03:55:09.565988,A121,Team_1,S13,Start>Sales>Agent,488,False,True,I want to update my account details,CUST1475,neutral,True,
C1217,2025-04-10 00:57:28.627020,A119,Team_5,S13,Start>Billing>Agent,392,True,True,What is this extra charge?,CUST8731,neutral,False,
C1218,2025-04-26 20:53:02.996720,A123,Team_5,S13,Start>Agent,583,True,True,What is this extra charge?,CUST8500,positive,True,
C1219,2025-04-11 03:05:25.781708,A115,Team_2,S12,Start>Billing,360,True,False,I need help with my bill,CUST4391,neutral,False,no_input
C1220,2025-04-01 07:56:04.087225,A121,Team_5,S13,Start>TechSupport,875,True,False,Can I cancel my service?,CUST9195,neutral,False,no_input
C1221,2025-04-10 17:04:06.743252,A107,Team_4,S10,Start>Billing>Agent,826,True,True,How do I change my plan?,CUST9515,negative,False,
C1222,2025-04-11 05:58:43.857263,A125,Team_4,S12,Start>Agent,183,True,True,Can I cancel my service?,CUST8877,negative,True,
C1223,2025-04-25 21:11:29.255144,A125,Team_4,S10,Start>Account,469,False,False,How do I change my plan?,CUST3032,positive,False,
C1224,2025-04-11 09:11:39.972093,A124,Team_1,S11,Start>Account,482,False,False,What is this extra charge?,CUST4982,neutral,True,complex_request
C1225,2025-04-15 03:16:05.069189,A103,Team_3,S10,Start>Sales,786,False,False,I want to update my account details,CUST5259,positive,False,complex_request
C1226,2025-04-10 20:28:10.206683,A125,Team_4,S12,Start>Account>Agent,668,True,True,What is this extra charge?,CUST3425,neutral,True,
C1227,2025-04-17 20:12:25.167927,A128,Team_3,S14,Start>Account,790,False,False,I can't log in,CUST3593,neutral,False,ambiguous_query
C1228,2025-04-09 19:25:53.787557,A122,Team_4,S12,Start>Billing,821,True,False,What is this extra charge?,CUST5789,negative,False,no_input
C1229,2025-04-02 10:41:26.642944,A100,Team_2,S14,Start>Account>Agent,211,True,True,I can't log in,CUST6966,neutral,False,
C1230,2025-04-05 17:08:02.306408,A119,Team_2,S12,Start>Billing,661,False,False,My service is down,CUST7133,positive,False,no_input
C1231,2025-04-03 00:22:07.714187,A127,Team_5,S13,Start>Billing,555,False,False,I need help with my bill,CUST2060,positive,False,no_input
C1232,2025-04-03 13:40:15.283169,A107,Team_2,S12,Start>TechSupport>Agent,725,True,True,I want to talk to a human,CUST9172,neutral,True,
C1233,2025-04-23 14:28:55.767453,A123,Team_2,S12,Start>Billing>Agent,468,True,True,I want to talk to a human,CUST9313,positive,True,
C1234,2025-04-18 05:52:16.520416,A114,Team_5,S14,Start>TechSupport,310,False,False,What is this extra charge?,CUST5015,positive,False,no_input
C1235,2025-04-16 13:02:20.488127,A101,Team_5,S12,Start>Agent,344,True,True,I want to update my account details,CUST2043,negative,True,
C1236,2025-04-28 04:47:30.080768,A101,Team_2,S11,Start>TechSupport,659,False,False,Can I cancel my service?,CUST2610,neutral,True,complex_request
C1237,2025-04-13 11:24:52.051745,A125,Team_1,S11,Start>Sales,179,False,False,My internet isn’t working,CUST8799,positive,True,
C1238,2025-04-03 00:25:25.744428,A115,Team_3,S14,Start>Billing>Agent,655,False,True,My internet isn’t working,CUST8252,neutral,True,
C1239,2025-04-01 15:49:26.303886,A100,Team_3,S13,Start>Account>Agent,564,True,True,I want to talk to a human,CUST9311,neutral,False,
C1240,2025-04-04 08:51:27.406485,A108,Team_5,S11,Start>Account,341,False,False,Can I cancel my service?,CUST2826,negative,True,ambiguous_query
C1241,2025-04-27 02:34:54.657146,A100,Team_3,S14,Start>Sales,567,True,False,What is this extra charge?,CUST2074,neutral,False,no_match
C1242,2025-04-04 12:50:45.913635,A129,Team_4,S12,Start>Agent,247,True,True,My internet isn’t working,CUST4797,positive,False,
C1243,2025-04-29 05:55:50.958483,A124,Team_5,S13,Start>TechSupport>Agent,761,False,True,Where is my refund?,CUST4445,neutral,True,
C1244,2025-04-01 13:46:59.542793,A105,Team_2,S13,Start>Billing,221,True,False,I want to talk to a human,CUST9461,negative,False,complex_request
C1245,2025-04-01 15:10:20.532689,A107,Team_3,S13,Start>Account>Agent,439,True,True,I can't log in,CUST6467,neutral,False,
C1246,2025-04-04 17:32:16.942891,A109,Team_4,S14,Start>Sales>Agent,840,False,True,I need help with my bill,CUST7620,positive,False,
C1247,2025-04-20 16:39:10.205579,A120,Team_2,S13,Start>Account>Agent,79,True,True,I want to update my account details,CUST5193,positive,False,
C1248,2025-04-04 22:03:54.307650,A110,Team_4,S13,Start>Account,631,True,False,I want to update my account details,CUST9240,neutral,False,no_match
C1249,2025-04-20 05:46:43.368524,A102,Team_2,S11,Start>Account,800,False,False,Where is my refund?,CUST8698,negative,True,ambiguous_query
C1250,2025-04-01 13:03:23.085670,A122,Team_4,S11,Start>Account>Agent,681,False,True,I need help with my bill,CUST2661,positive,False,
C1251,2025-04-10 20:46:04.502446,A117,Team_3,S13,Start>Account>Agent,173,False,True,What is this extra charge?,CUST2212,positive,False,
C1252,2025-04-02 23:43:48.902316,A127,Team_2,S14,Start>Account>Agent,647,True,True,My service is down,CUST2441,neutral,False,
C1253,2025-04-25 00:40:15.347196,A117,Team_5,S12,Start>Billing>Agent,203,True,True,I want to talk to a human,CUST6918,negative,False,
C1254,2025-04-21 19:17:20.604833,A105,Team_3,S13,Start>TechSupport,531,False,False,I want to talk to a human,CUST4260,neutral,False,complex_request
C1255,2025-04-22 21:01:25.466918,A119,Team_1,S11,Start>TechSupport>Agent,717,False,True,How do I change my plan?,CUST7493,negative,True,
C1256,2025-04-23 06:54:35.141675,A129,Team_5,S12,Start>Billing>Agent,639,False,True,I need help with my bill,CUST9261,negative,False,
C1257,2025-04-27 13:03:40.307544,A109,Team_5,S12,Start>TechSupport>Agent,812,True,True,Where is my refund?,CUST2509,negative,True,
C1258,2025-04-05 10:14:32.887049,A125,Team_5,S10,Start>Sales,684,True,False,My internet isn’t working,CUST8060,negative,False,ambiguous_query
C1259,2025-04-16 16:42:59.469427,A128,Team_2,S12,Start>TechSupport>Agent,246,False,True,Can I cancel my service?,CUST9646,neutral,False,
C1260,2025-04-28 04:25:11.917783,A112,Team_5,S12,Start>Billing>Agent,698,False,True,I need help with my bill,CUST1139,positive,False,
C1261,2025-04-30 19:56:45.790054,A108,Team_2,S14,Start>Account,605,False,False,I want to update my account details,CUST6810,negative,True,no_input
C1262,2025-04-15 03:50:13.839396,A124,Team_2,S11,Start>Account>Agent,245,True,True,I need help with my bill,CUST9739,neutral,True,
C1263,2025-04-27 00:50:56.202107,A117,Team_3,S10,Start>Account,382,True,False,I want to update my account details,CUST4304,positive,False,complex_request
C1264,2025-04-14 12:37:49.622081,A107,Team_2,S12,Start>Billing>Agent,200,False,True,My internet isn’t working,CUST7145,positive,True,
C1265,2025-04-20 06:53:48.783010,A101,Team_4,S13,Start>Sales>Agent,263,True,True,How do I change my plan?,CUST3042,positive,True,
C1266,2025-04-16 01:09:28.120743,A105,Team_2,S10,Start>Sales,818,False,False,I want to talk to a human,CUST7801,positive,True,
C1267,2025-04-06 17:23:43.725897,A111,Team_4,S12,Start>Agent,174,False,True,I need help with my bill,CUST1118,positive,False,
C1268,2025-04-12 06:36:41.370226,A127,Team_1,S12,Start>Account,377,True,False,How do I change my plan?,CUST5926,positive,True,ambiguous_query
C1269,2025-04-29 21:20:15.684571,A128,Team_4,S10,Start>Account>Agent,807,False,True,I need help with my bill,CUST3305,negative,True,
C1270,2025-04-03 23:13:38.931220,A104,Team_5,S11,Start>Billing,771,False,False,I need help with my bill,CUST2002,neutral,True,complex_request
C1271,2025-04-24 22:48:14.660314,A111,Team_5,S13,Start>Billing,489,True,False,What is this extra charge?,CUST9496,negative,True,complex_request
C1272,2025-04-07 04:35:21.909054,A128,Team_1,S11,Start>Billing>Agent,569,True,True,I can't log in,CUST7613,neutral,False,
C1273,2025-04-20 21:23:52.712344,A100,Team_1,S12,Start>Billing>Agent,541,True,True,What is this extra charge?,CUST7679,positive,False,
C1274,2025-04-08 12:27:04.054185,A105,Team_1,S10,Start>Account,288,True,False,How do I change my plan?,CUST2086,positive,False,ambiguous_query
C1275,2025-04-27 11:49:57.728649,A113,Team_5,S13,Start>Billing,677,True,False,I can't log in,CUST8802,neutral,False,no_input
C1276,2025-04-28 18:11:35.654888,A110,Team_5,S12,Start>TechSupport>Agent,549,False,True,Where is my refund?,CUST4215,positive,True,
C1277,2025-04-17 10:08:41.246820,A107,Team_1,S10,Start>Sales>Agent,349,True,True,I want to update my account details,CUST4706,positive,False,
C1278,2025-04-21 13:54:30.835591,A122,Team_4,S14,Start>Agent,589,False,True,What is this extra charge?,CUST6373,neutral,True,
C1279,2025-04-28 18:00:19.135964,A123,Team_4,S10,Start>TechSupport,246,True,False,What is this extra charge?,CUST1558,negative,True,no_input
C1280,2025-04-21 12:26:22.639291,A112,Team_3,S10,Start>Sales,555,False,False,I want to update my account details,CUST7646,neutral,True,ambiguous_query
C1281,2025-04-02 21:39:12.767219,A119,Team_3,S14,Start>Sales,180,False,False,My service is down,CUST6527,positive,True,complex_request
C1282,2025-04-11 21:29:19.858975,A110,Team_4,S14,Start>Sales,739,True,False,I want to talk to a human,CUST9504,positive,False,ambiguous_query
C1283,2025-04-24 02:04:22.286437,A120,Team_1,S14,Start>Billing,156,True,False,Can I cancel my service?,CUST2820,positive,False,no_input
C1284,2025-04-27 08:51:32.946992,A127,Team_3,S12,Start>Sales,506,True,False,My service is down,CUST3991,positive,True,no_input
C1285,2025-04-12 12:17:38.269727,A126,Team_2,S10,Start>TechSupport,811,False,False,My service is down,CUST3486,neutral,True,
C1286,2025-04-27 22:43:56.199135,A111,Team_5,S11,Start>Agent,230,False,True,What is this extra charge?,CUST2640,neutral,True,
C1287,2025-04-20 08:03:44.801316,A117,Team_5,S13,Start>TechSupport,345,True,False,How do I change my plan?,CUST5857,positive,False,ambiguous_query
C1288,2025-04-11 19:41:08.324970,A114,Team_3,S11,Start>Account>Agent,60,True,True,I can't log in,CUST6105,positive,True,
C1289,2025-04-25 08:45:59.594412,A124,Team_4,S11,Start>Billing,552,True,False,I want to update my account details,CUST7410,neutral,False,ambiguous_query
C1290,2025-04-25 14:37:58.879256,A118,Team_2,S11,Start>Account,132,True,False,I can't log in,CUST3300,negative,True,
C1291,2025-04-18 07:48:58.172955,A121,Team_2,S11,Start>Sales,205,False,False,I want to talk to a human,CUST1176,neutral,False,
C1292,2025-04-29 19:09:15.904550,A103,Team_5,S13,Start>TechSupport,736,False,False,I can't log in,CUST3045,neutral,False,no_input
C1293,2025-04-12 03:42:40.463980,A102,Team_3,S12,Start>Billing>Agent,450,False,True,My internet isn’t working,CUST8643,neutral,True,
C1294,2025-04-08 02:49:46.507852,A124,Team_3,S11,Start>Agent,165,True,True,Where is my refund?,CUST6940,positive,False,
C1295,2025-04-23 09:19:40.972181,A113,Team_1,S10,Start>Account>Agent,801,False,True,I can't log in,CUST9320,positive,False,
C1296,2025-04-05 04:55:38.760546,A102,Team_1,S10,Start>Sales,308,False,False,I want to update my account details,CUST8106,neutral,True,ambiguous_query
C1297,2025-04-25 22:28:52.162452,A117,Team_5,S14,Start>Sales>Agent,681,False,True,I need help with my bill,CUST2766,neutral,True,
C1298,2025-04-18 21:06:28.643837,A103,Team_2,S12,Start>Sales>Agent,894,False,True,I need help with my bill,CUST6690,neutral,False,
C1299,2025-04-15 00:53:05.379606,A118,Team_5,S10,Start>Sales>Agent,892,False,True,I need help with my bill,CUST4539,neutral,True,
C1300,2025-04-05 12:15:43.215234,A103,Team_3,S13,Start>Billing>Agent,806,False,True,I can't log in,CUST6875,negative,False,
C1301,2025-04-14 17:30:12.949303,A107,Team_3,S13,Start>Billing>Agent,392,False,True,I can't log in,CUST3631,positive,False,
C1302,2025-04-16 12:14:41.211189,A124,Team_3,S11,Start>Sales,151,False,False,I want to talk to a human,CUST9818,neutral,True,complex_request
C1303,2025-04-29 12:24:01.525702,A126,Team_3,S10,Start>TechSupport>Agent,714,False,True,I want to talk to a human,CUST9146,neutral,False,
C1304,2025-04-16 16:33:07.048059,A108,Team_4,S12,Start>Account,885,False,False,I want to talk to a human,CUST3608,negative,False,no_match
C1305,2025-04-02 23:11:33.605510,A103,Team_2,S14,Start>Account>Agent,578,False,True,My service is down,CUST9818,positive,True,
C1306,2025-04-13 10:39:35.814542,A102,Team_1,S14,Start>Sales>Agent,329,True,True,I want to talk to a human,CUST9729,positive,True,
C1307,2025-04-11 06:18:06.697991,A103,Team_3,S14,Start>TechSupport>Agent,391,True,True,Can I cancel my service?,CUST1668,positive,True,
C1308,2025-04-26 10:25:44.309149,A100,Team_4,S11,Start>TechSupport,311,True,False,Can I cancel my service?,CUST4538,positive,False,no_input
C1309,2025-04-17 02:18:25.216500,A100,Team_5,S13,Start>Sales,484,True,False,How do I change my plan?,CUST4048,negative,False,
C1310,2025-04-28 07:20:34.523738,A128,Team_4,S12,Start>Account,882,False,False,How do I change my plan?,CUST7065,positive,True,complex_request
C1311,2025-04-27 13:44:01.451472,A117,Team_3,S10,Start>Billing,389,True,False,My service is down,CUST3109,positive,False,
C1312,2025-04-08 20:49:23.280314,A110,Team_1,S14,Start>TechSupport,797,False,False,My service is down,CUST4669,neutral,True,ambiguous_query
C1313,2025-04-22 18:29:03.776928,A119,Team_4,S13,Start>Sales>Agent,126,True,True,I need help with my bill,CUST8347,neutral,True,
C1314,2025-04-16 03:39:56.655979,A115,Team_2,S10,Start>Account,126,False,False,Where is my refund?,CUST5128,negative,True,
C1315,2025-04-15 20:31:43.859648,A115,Team_4,S11,Start>Sales>Agent,280,False,True,I can't log in,CUST9821,neutral,False,
C1316,2025-04-16 07:17:34.500228,A107,Team_5,S14,Start>Sales>Agent,207,False,True,I need help with my bill,CUST1867,neutral,False,
C1317,2025-04-27 11:52:41.388992,A124,Team_1,S14,Start>TechSupport>Agent,602,False,True,What is this extra charge?,CUST4188,positive,True,
C1318,2025-04-08 21:30:56.058826,A100,Team_4,S10,Start>Account,151,True,False,How do I change my plan?,CUST7347,negative,False,ambiguous_query
C1319,2025-04-29 16:14:45.275605,A104,Team_3,S11,Start>TechSupport>Agent,378,False,True,What is this extra charge?,CUST8051,negative,False,
C1320,2025-04-14 03:05:45.792979,A105,Team_3,S13,Start>TechSupport,292,False,False,My internet isn’t working,CUST6565,neutral,True,
C1321,2025-04-14 03:25:37.318206,A108,Team_1,S14,Start>Billing>Agent,630,True,True,I want to talk to a human,CUST2564,positive,True,
C1322,2025-04-04 10:45:42.738782,A110,Team_4,S12,Start>Billing>Agent,879,False,True,My internet isn’t working,CUST3824,positive,False,
C1323,2025-04-02 05:48:37.781612,A117,Team_2,S12,Start>TechSupport>Agent,759,True,True,Where is my refund?,CUST7130,neutral,False,
C1324,2025-04-23 18:12:39.741647,A116,Team_2,S13,Start>Billing>Agent,697,True,True,My service is down,CUST2970,negative,False,
C1325,2025-04-17 14:41:27.540854,A103,Team_3,S11,Start>Agent,231,True,True,Can I cancel my service?,CUST4164,neutral,False,
C1326,2025-04-16 16:48:55.248060,A129,Team_5,S13,Start>Sales,179,True,False,I want to talk to a human,CUST5034,positive,True,ambiguous_query
C1327,2025-04-22 03:30:36.650078,A106,Team_4,S10,Start>Account,120,False,False,Where is my refund?,CUST2618,negative,True,complex_request
C1328,2025-04-19 11:43:32.794474,A129,Team_5,S14,Start>Agent,594,False,True,My service is down,CUST4292,positive,True,
C1329,2025-04-08 06:14:22.619351,A124,Team_2,S12,Start>Sales>Agent,473,False,True,How do I change my plan?,CUST2349,neutral,False,
C1330,2025-04-19 12:06:23.749173,A110,Team_5,S13,Start>Sales>Agent,373,False,True,I can't log in,CUST1903,neutral,True,
C1331,2025-04-12 13:10:52.313653,A102,Team_3,S14,Start>Agent,237,False,True,I need help with my bill,CUST9753,positive,False,
C1332,2025-04-23 21:38:11.286990,A106,Team_3,S14,Start>Billing>Agent,760,False,True,My service is down,CUST9584,negative,False,
C1333,2025-04-11 17:33:44.456069,A129,Team_2,S10,Start>Sales,250,True,False,I want to talk to a human,CUST2195,neutral,False,no_input
C1334,2025-04-29 17:48:48.502653,A118,Team_5,S10,Start>Billing>Agent,450,True,True,My internet isn’t working,CUST5758,positive,True,
C1335,2025-04-21 20:08:00.393276,A105,Team_4,S11,Start>Account,471,True,False,What is this extra charge?,CUST3321,neutral,False,ambiguous_query
C1336,2025-04-15 10:57:46.100695,A121,Team_5,S12,Start>TechSupport,729,False,False,How do I change my plan?,CUST1167,neutral,False,ambiguous_query
C1337,2025-04-11 01:48:44.321381,A108,Team_2,S13,Start>Account>Agent,674,True,True,How do I change my plan?,CUST1684,neutral,False,
C1338,2025-04-07 23:16:39.888134,A121,Team_2,S10,Start>TechSupport>Agent,178,True,True,Can I cancel my service?,CUST2089,positive,False,
C1339,2025-04-14 20:42:18.334801,A123,Team_3,S13,Start>Account>Agent,609,False,True,I can't log in,CUST5284,positive,True,
C1340,2025-04-05 10:47:38.400534,A126,Team_2,S10,Start>Agent,569,True,True,What is this extra charge?,CUST9490,negative,False,
C1341,2025-04-23 09:33:27.749791,A103,Team_1,S11,Start>Billing>Agent,457,True,True,My internet isn’t working,CUST2104,positive,False,
C1342,2025-04-22 03:32:47.724149,A123,Team_2,S13,Start>Billing>Agent,738,True,True,I want to update my account details,CUST6208,positive,True,
C1343,2025-04-18 11:24:47.677269,A110,Team_3,S11,Start>Account,533,True,False,I need help with my bill,CUST7411,positive,False,
C1344,2025-04-02 01:46:48.610807,A102,Team_2,S11,Start>TechSupport,403,False,False,I need help with my bill,CUST8217,positive,True,
C1345,2025-04-21 22:00:23.546681,A116,Team_3,S14,Start>Billing,206,False,False,I need help with my bill,CUST2824,neutral,False,
C1346,2025-04-08 16:35:11.741962,A117,Team_1,S14,Start>Billing,801,False,False,I want to talk to a human,CUST1629,positive,True,no_input
C1347,2025-04-30 21:02:29.006058,A100,Team_4,S10,Start>Billing>Agent,893,False,True,Where is my refund?,CUST2960,negative,True,
C1348,2025-04-19 22:54:41.973342,A100,Team_4,S14,Start>Sales>Agent,349,False,True,Can I cancel my service?,CUST4893,neutral,False,
C1349,2025-04-06 17:23:29.798751,A120,Team_4,S13,Start>Billing,525,False,False,I want to update my account details,CUST3365,positive,True,ambiguous_query
C1350,2025-04-02 01:48:57.198016,A108,Team_2,S12,Start>Billing>Agent,502,False,True,What is this extra charge?,CUST1697,neutral,True,
C1351,2025-04-13 17:21:07.501819,A104,Team_3,S11,Start>Sales>Agent,491,False,True,Can I cancel my service?,CUST8410,neutral,False,
C1352,2025-04-16 10:26:39.551879,A111,Team_3,S12,Start>Sales>Agent,196,True,True,I want to update my account details,CUST4554,neutral,True,
C1353,2025-04-11 02:24:14.093350,A128,Team_4,S14,Start>Sales>Agent,443,False,True,I want to update my account details,CUST7436,positive,True,
C1354,2025-04-18 18:23:39.277216,A109,Team_5,S13,Start>Billing>Agent,264,True,True,I want to talk to a human,CUST3567,neutral,False,
C1355,2025-04-14 13:40:28.112169,A114,Team_1,S11,Start>Sales>Agent,641,True,True,I can't log in,CUST3553,neutral,True,
C1356,2025-04-15 12:55:34.957609,A113,Team_3,S13,Start>TechSupport,816,True,False,Can I cancel my service?,CUST6180,neutral,True,no_match
C1357,2025-04-17 17:05:01.079032,A125,Team_1,S10,Start>Billing>Agent,68,True,True,I want to talk to a human,CUST2473,positive,False,
C1358,2025-04-12 19:34:06.793165,A123,Team_2,S11,Start>Account>Agent,127,False,True,Where is my refund?,CUST6169,neutral,False,
C1359,2025-04-26 21:07:18.360614,A110,Team_2,S12,Start>Account>Agent,163,True,True,What is this extra charge?,CUST3674,neutral,False,
C1360,2025-04-12 08:19:52.641353,A117,Team_5,S13,Start>Account>Agent,766,True,True,My internet isn’t working,CUST3402,negative,True,
C1361,2025-04-26 13:03:40.032911,A104,Team_4,S13,Start>Sales>Agent,548,True,True,I need help with my bill,CUST6937,negative,True,
C1362,2025-04-24 17:03:37.292327,A128,Team_1,S13,Start>Account,407,True,False,I want to talk to a human,CUST2128,positive,False,ambiguous_query
C1363,2025-04-18 16:32:42.338743,A129,Team_2,S10,Start>TechSupport,709,False,False,I can't log in,CUST2361,positive,False,no_match
C1364,2025-04-15 02:07:05.603299,A119,Team_5,S13,Start>Billing,433,False,False,I want to update my account details,CUST9411,positive,True,ambiguous_query
C1365,2025-04-27 14:08:55.278438,A110,Team_2,S10,Start>TechSupport,777,False,False,I can't log in,CUST8355,negative,False,no_match
C1366,2025-04-09 21:02:07.196602,A108,Team_4,S10,Start>Account,624,True,False,What is this extra charge?,CUST1174,neutral,True,complex_request
C1367,2025-04-26 16:43:14.063377,A112,Team_2,S13,Start>Sales>Agent,457,True,True,I can't log in,CUST7146,positive,False,
C1368,2025-04-14 08:48:56.176914,A122,Team_3,S11,Start>Account,796,False,False,My service is down,CUST4160,neutral,False,no_match
C1369,2025-04-12 04:26:56.150491,A129,Team_4,S10,Start>Account,581,True,False,I need help with my bill,CUST3105,negative,True,no_input
C1370,2025-04-18 10:35:18.539781,A102,Team_2,S12,Start>TechSupport>Agent,217,True,True,My internet isn’t working,CUST2235,positive,True,
C1371,2025-04-18 01:13:02.138118,A127,Team_5,S10,Start>Billing,656,False,False,I want to talk to a human,CUST2733,neutral,True,no_input
C1372,2025-04-28 00:16:25.965789,A106,Team_1,S11,Start>TechSupport>Agent,795,True,True,I need help with my bill,CUST8093,neutral,True,
C1373,2025-04-04 17:57:21.743882,A101,Team_1,S13,Start>Account,700,True,False,Can I cancel my service?,CUST4232,neutral,False,
C1374,2025-04-11 04:19:01.507357,A122,Team_2,S13,Start>Account>Agent,809,True,True,Can I cancel my service?,CUST4029,neutral,True,
C1375,2025-04-06 02:56:51.293800,A106,Team_3,S11,Start>Agent,649,True,True,My internet isn’t working,CUST2241,positive,False,
C1376,2025-04-28 03:01:03.739051,A105,Team_4,S14,Start>Account>Agent,675,False,True,My service is down,CUST5676,positive,False,
C1377,2025-04-18 17:07:17.734971,A123,Team_2,S14,Start>Billing>Agent,730,False,True,I can't log in,CUST3642,positive,True,
C1378,2025-04-18 00:26:16.007261,A111,Team_1,S14,Start>Sales>Agent,141,False,True,I need help with my bill,CUST2445,positive,False,
C1379,2025-04-11 17:38:05.286580,A118,Team_3,S12,Start>Sales,426,False,False,I want to talk to a human,CUST9187,positive,False,complex_request
C1380,2025-04-05 13:14:58.582675,A117,Team_2,S11,Start>Billing,103,False,False,How do I change my plan?,CUST8617,negative,False,ambiguous_query
C1381,2025-04-30 21:24:53.317183,A114,Team_4,S13,Start>Billing,205,False,False,How do I change my plan?,CUST1401,negative,False,ambiguous_query
C1382,2025-04-16 10:16:51.074017,A127,Team_2,S13,Start>Account,74,False,False,What is this extra charge?,CUST3474,neutral,True,no_input
C1383,2025-04-11 19:06:43.416739,A103,Team_1,S13,Start>Sales,213,False,False,I want to talk to a human,CUST4240,positive,False,no_input
C1384,2025-04-05 10:35:31.060136,A109,Team_5,S12,Start>TechSupport,254,False,False,Where is my refund?,CUST9177,neutral,True,ambiguous_query
C1385,2025-04-17 19:17:25.460657,A121,Team_1,S12,Start>TechSupport>Agent,128,False,True,Can I cancel my service?,CUST5740,positive,False,
C1386,2025-04-03 21:11:38.459268,A113,Team_4,S10,Start>Account>Agent,706,True,True,I want to talk to a human,CUST6089,neutral,False,
C1387,2025-04-02 00:46:23.890829,A119,Team_2,S14,Start>Account>Agent,409,False,True,What is this extra charge?,CUST7054,neutral,False,
C1388,2025-04-06 12:22:35.653265,A100,Team_4,S12,Start>Sales>Agent,312,True,True,I want to talk to a human,CUST4824,negative,False,
C1389,2025-04-09 03:42:11.935538,A125,Team_3,S14,Start>Account,651,False,False,I want to update my account details,CUST3082,negative,True,
C1390,2025-04-22 14:00:54.466407,A119,Team_2,S11,Start>Sales,636,False,False,I need help with my bill,CUST6135,neutral,True,ambiguous_query
C1391,2025-04-18 18:13:03.461976,A124,Team_2,S14,Start>Account,143,False,False,Can I cancel my service?,CUST5358,positive,False,no_input
C1392,2025-04-19 19:35:07.020218,A125,Team_3,S11,Start>Account,856,True,False,Can I cancel my service?,CUST5040,positive,True,complex_request
C1393,2025-04-23 05:08:35.927224,A111,Team_5,S13,Start>Agent,209,False,True,I want to talk to a human,CUST8941,negative,True,
C1394,2025-04-19 03:56:20.604017,A129,Team_5,S14,Start>TechSupport>Agent,362,True,True,I want to update my account details,CUST9577,neutral,False,
C1395,2025-04-02 22:05:51.445940,A125,Team_4,S13,Start>Billing>Agent,365,False,True,I want to update my account details,CUST3360,positive,True,
C1396,2025-04-16 00:58:37.545673,A102,Team_3,S13,Start>Billing,517,False,False,My service is down,CUST3571,neutral,False,no_match
C1397,2025-04-08 23:56:36.736621,A129,Team_3,S13,Start>Account>Agent,262,False,True,I can't log in,CUST3668,neutral,False,
C1398,2025-04-14 03:48:09.760310,A103,Team_1,S12,Start>Agent,548,False,True,What is this extra charge?,CUST6165,negative,False,
C1399,2025-04-19 10:12:35.943906,A120,Team_4,S12,Start>Sales>Agent,242,False,True,Where is my refund?,CUST1565,neutral,False,
C1400,2025-04-22 18:02:08.908270,A128,Team_5,S10,Start>Billing,568,True,False,My internet isn’t working,CUST3292,positive,True,no_input
C1401,2025-04-17 23:24:34.348114,A102,Team_3,S12,Start>Account,143,False,False,I want to talk to a human,CUST2139,neutral,True,
C1402,2025-04-15 12:28:32.783284,A113,Team_4,S11,Start>Agent,151,True,True,Can I cancel my service?,CUST3606,positive,False,
C1403,2025-04-03 11:06:34.589696,A107,Team_1,S14,Start>Billing>Agent,113,True,True,Can I cancel my service?,CUST1694,positive,True,
C1404,2025-04-03 00:13:03.560197,A127,Team_2,S14,Start>Account,390,False,False,How do I change my plan?,CUST1315,neutral,False,ambiguous_query
C1405,2025-04-28 19:15:55.023574,A100,Team_4,S14,Start>TechSupport>Agent,101,True,True,Where is my refund?,CUST1589,positive,False,
C1406,2025-04-24 18:57:01.100722,A111,Team_1,S14,Start>Account,581,True,False,How do I change my plan?,CUST4486,positive,True,
C1407,2025-04-03 19:06:38.878047,A109,Team_3,S14,Start>Account,583,False,False,What is this extra charge?,CUST4302,neutral,False,complex_request
C1408,2025-04-04 05:16:29.685084,A106,Team_3,S12,Start>Sales>Agent,182,False,True,Can I cancel my service?,CUST1472,neutral,False,
C1409,2025-04-21 12:49:40.471139,A105,Team_1,S10,Start>Sales>Agent,883,True,True,I want to update my account details,CUST4279,neutral,False,
C1410,2025-04-07 10:48:41.775263,A128,Team_5,S12,Start>Account,534,True,False,I want to update my account details,CUST5134,positive,True,complex_request
C1411,2025-04-27 21:56:34.442016,A100,Team_2,S11,Start>Account,271,False,False,How do I change my plan?,CUST6363,neutral,False,
C1412,2025-04-14 18:54:36.365600,A124,Team_2,S13,Start>Sales,634,False,False,I want to update my account details,CUST2272,neutral,True,no_match
C1413,2025-04-01 15:48:46.409582,A119,Team_1,S10,Start>Account>Agent,60,False,True,Can I cancel my service?,CUST7249,neutral,True,
C1414,2025-04-11 20:11:40.474071,A101,Team_3,S11,Start>TechSupport,493,False,False,My internet isn’t working,CUST5587,neutral,True,complex_request
C1415,2025-04-15 00:51:44.133648,A124,Team_1,S10,Start>Account>Agent,205,False,True,Can I cancel my service?,CUST4353,positive,True,
C1416,2025-04-12 13:56:38.587455,A105,Team_1,S10,Start>TechSupport>Agent,802,True,True,Can I cancel my service?,CUST5475,positive,False,
C1417,2025-04-23 01:19:02.720559,A123,Team_2,S11,Start>TechSupport>Agent,467,False,True,I need help with my bill,CUST1608,neutral,False,
C1418,2025-04-05 04:00:25.622523,A105,Team_1,S14,Start>Billing>Agent,732,True,True,I can't log in,CUST5613,neutral,True,
C1419,2025-04-24 17:22:26.844416,A100,Team_3,S11,Start>TechSupport,766,False,False,I need help with my bill,CUST1722,negative,False,
C1420,2025-04-28 11:21:44.591996,A122,Team_4,S11,Start>Billing>Agent,353,False,True,My internet isn’t working,CUST7017,neutral,False,
C1421,2025-04-14 04:06:46.125498,A111,Team_3,S14,Start>Agent,209,False,True,I want to talk to a human,CUST7668,positive,False,
C1422,2025-04-08 02:37:02.627248,A114,Team_3,S12,Start>Billing,893,False,False,My service is down,CUST7681,positive,False,no_match
C1423,2025-04-01 13:17:27.988706,A119,Team_3,S11,Start>Account,427,False,False,Can I cancel my service?,CUST9834,negative,True,no_match
C1424,2025-04-24 02:00:34.962528,A110,Team_5,S11,Start>Account,613,True,False,Where is my refund?,CUST3285,negative,True,ambiguous_query
C1425,2025-04-22 17:16:04.172190,A102,Team_4,S10,Start>Agent,617,True,True,My service is down,CUST2700,neutral,False,
C1426,2025-04-12 09:01:58.572609,A123,Team_2,S12,Start>Sales,179,False,False,I want to talk to a human,CUST9985,negative,False,no_input
C1427,2025-04-15 06:08:07.765475,A118,Team_3,S13,Start>TechSupport>Agent,291,False,True,What is this extra charge?,CUST4085,neutral,True,
C1428,2025-04-01 18:59:29.831236,A104,Team_1,S12,Start>TechSupport,833,False,False,I can't log in,CUST4428,neutral,True,no_input
C1429,2025-04-02 12:46:00.857719,A100,Team_1,S10,Start>Account>Agent,183,True,True,What is this extra charge?,CUST2168,positive,False,
C1430,2025-04-16 20:06:27.014030,A113,Team_3,S13,Start>Billing>Agent,774,False,True,I want to talk to a human,CUST7352,positive,False,
C1431,2025-04-03 13:56:53.434266,A119,Team_5,S13,Start>Billing>Agent,755,False,True,I need help with my bill,CUST9191,positive,True,
C1432,2025-04-10 18:59:58.649310,A122,Team_4,S13,Start>Agent,848,True,True,How do I change my plan?,CUST6751,negative,False,
C1433,2025-04-07 14:00:46.665176,A112,Team_1,S13,Start>TechSupport>Agent,546,False,True,My service is down,CUST2508,positive,True,
C1434,2025-04-13 10:44:12.797549,A112,Team_3,S11,Start>Sales,95,False,False,I can't log in,CUST8392,positive,False,no_match
C1435,2025-04-30 20:13:06.564393,A100,Team_2,S14,Start>Billing>Agent,578,False,True,My internet isn’t working,CUST9225,positive,False,
C1436,2025-04-13 05:06:45.060425,A125,Team_5,S10,Start>Account>Agent,659,True,True,My service is down,CUST9046,positive,False,
C1437,2025-04-11 00:02:45.033455,A127,Team_2,S10,Start>Account>Agent,675,False,True,How do I change my plan?,CUST2796,neutral,True,
C1438,2025-04-19 12:06:00.866500,A115,Team_4,S11,Start>Billing>Agent,456,True,True,How do I change my plan?,CUST1718,positive,True,
C1439,2025-04-19 23:36:34.491773,A127,Team_5,S13,Start>TechSupport,790,False,False,My internet isn’t working,CUST2663,positive,True,
C1440,2025-04-03 02:36:01.004655,A118,Team_1,S13,Start>Sales,435,False,False,I need help with my bill,CUST9604,negative,False,
C1441,2025-04-20 09:53:21.510592,A103,Team_4,S13,Start>Billing>Agent,345,False,True,My service is down,CUST7918,positive,True,
C1442,2025-04-23 18:57:08.786548,A128,Team_3,S13,Start>Sales>Agent,579,True,True,What is this extra charge?,CUST2982,positive,True,
C1443,2025-04-26 11:59:08.054358,A121,Team_2,S13,Start>Agent,442,False,True,Can I cancel my service?,CUST2094,negative,True,
C1444,2025-04-02 07:40:43.052163,A103,Team_5,S10,Start>TechSupport,267,True,False,I can't log in,CUST3182,neutral,False,no_match
C1445,2025-04-18 17:17:02.606465,A111,Team_1,S14,Start>Billing>Agent,175,False,True,Where is my refund?,CUST9692,positive,True,
C1446,2025-04-19 22:39:53.485874,A129,Team_2,S13,Start>TechSupport,253,False,False,Can I cancel my service?,CUST8843,positive,True,ambiguous_query
C1447,2025-04-21 01:09:54.001642,A117,Team_5,S10,Start>Billing,743,True,False,My service is down,CUST3382,negative,True,ambiguous_query
C1448,2025-04-22 02:15:13.975880,A116,Team_1,S14,Start>Billing,312,False,False,I want to talk to a human,CUST4692,negative,False,no_match
C1449,2025-04-04 04:25:50.819237,A124,Team_4,S10,Start>Account,859,False,False,I need help with my bill,CUST4155,neutral,False,ambiguous_query
C1450,2025-04-05 03:05:25.893615,A114,Team_5,S11,Start>Billing,550,False,False,What is this extra charge?,CUST4954,neutral,False,ambiguous_query
C1451,2025-04-18 13:28:25.718091,A124,Team_1,S13,Start>Billing>Agent,487,True,True,My service is down,CUST2390,neutral,True,
C1452,2025-04-03 03:28:22.890549,A111,Team_3,S13,Start>Account>Agent,535,False,True,I can't log in,CUST9770,neutral,False,
C1453,2025-04-17 07:01:12.523542,A116,Team_4,S13,Start>Agent,758,True,True,Can I cancel my service?,CUST6522,positive,False,
C1454,2025-04-18 05:12:15.117256,A117,Team_5,S14,Start>TechSupport>Agent,317,False,True,I can't log in,CUST5734,neutral,True,
C1455,2025-04-13 23:05:27.515636,A129,Team_3,S11,Start>TechSupport,416,False,False,I want to update my account details,CUST6488,neutral,False,complex_request
C1456,2025-04-08 21:49:27.154800,A108,Team_5,S13,Start>TechSupport,846,True,False,I can't log in,CUST4112,neutral,False,
C1457,2025-04-26 22:00:50.723148,A117,Team_3,S11,Start>Sales,655,True,False,My internet isn’t working,CUST5775,neutral,True,
C1458,2025-04-30 04:09:41.825002,A125,Team_3,S11,Start>Sales,443,True,False,How do I change my plan?,CUST8935,neutral,False,
C1459,2025-04-24 15:14:49.146970,A110,Team_2,S12,Start>TechSupport>Agent,318,True,True,How do I change my plan?,CUST7440,positive,True,
C1460,2025-04-30 16:09:38.350427,A129,Team_4,S13,Start>Agent,657,False,True,My service is down,CUST7889,positive,True,
C1461,2025-04-13 04:42:50.649582,A120,Team_4,S14,Start>TechSupport>Agent,547,False,True,How do I change my plan?,CUST6130,positive,True,
C1462,2025-04-12 23:39:45.421679,A111,Team_1,S10,Start>TechSupport>Agent,344,True,True,My service is down,CUST9769,positive,True,
C1463,2025-04-26 14:34:37.794564,A106,Team_1,S14,Start>Billing>Agent,70,True,True,I want to talk to a human,CUST5541,positive,True,
C1464,2025-04-17 04:54:20.910819,A107,Team_5,S14,Start>Account>Agent,625,False,True,I want to update my account details,CUST3485,positive,False,
C1465,2025-04-11 11:38:56.387856,A105,Team_4,S11,Start>Agent,691,True,True,What is this extra charge?,CUST2493,neutral,False,
C1466,2025-04-24 09:18:39.554731,A103,Team_1,S11,Start>Sales>Agent,286,True,True,Can I cancel my service?,CUST3713,negative,True,
C1467,2025-04-15 21:24:43.621014,A103,Team_1,S11,Start>Account>Agent,505,False,True,Can I cancel my service?,CUST4496,positive,True,
C1468,2025-04-09 04:28:02.550822,A122,Team_4,S13,Start>Billing,816,False,False,Where is my refund?,CUST7228,positive,False,no_input
C1469,2025-04-14 10:30:16.269582,A128,Team_4,S13,Start>Agent,410,False,True,I need help with my bill,CUST9176,neutral,False,
C1470,2025-04-22 19:00:48.755449,A119,Team_2,S12,Start>Billing,780,True,False,Where is my refund?,CUST7187,positive,False,no_input
C1471,2025-04-26 12:51:16.612173,A106,Team_3,S12,Start>Sales>Agent,340,True,True,I can't log in,CUST4782,positive,False,
C1472,2025-04-16 16:56:03.612058,A121,Team_5,S11,Start>TechSupport>Agent,523,True,True,How do I change my plan?,CUST6655,positive,True,
C1473,2025-04-08 01:48:02.052537,A113,Team_4,S13,Start>TechSupport>Agent,507,False,True,I want to talk to a human,CUST4744,positive,False,
C1474,2025-04-14 11:53:33.222797,A105,Team_2,S11,Start>Agent,673,True,True,I need help with my bill,CUST7249,positive,True,
C1475,2025-04-24 01:44:02.661153,A122,Team_2,S10,Start>Agent,111,False,True,My internet isn’t working,CUST9605,negative,False,
C1476,2025-04-18 22:11:31.692437,A109,Team_2,S13,Start>Account>Agent,250,True,True,How do I change my plan?,CUST6105,positive,True,
C1477,2025-04-28 03:48:47.584073,A127,Team_1,S14,Start>Billing>Agent,646,True,True,I can't log in,CUST9977,neutral,False,
C1478,2025-04-25 09:35:05.027738,A107,Team_1,S11,Start>TechSupport>Agent,128,True,True,I can't log in,CUST3928,neutral,False,
C1479,2025-04-10 11:46:52.279984,A123,Team_2,S11,Start>Agent,251,True,True,I need help with my bill,CUST6332,negative,False,
C1480,2025-04-26 16:45:55.355622,A116,Team_5,S10,Start>Sales>Agent,198,True,True,I need help with my bill,CUST8685,positive,True,
C1481,2025-04-12 00:17:26.148540,A127,Team_5,S12,Start>Account>Agent,533,True,True,Can I cancel my service?,CUST3869,neutral,True,
C1482,2025-04-15 22:25:30.991226,A120,Team_5,S10,Start>TechSupport>Agent,446,True,True,I need help with my bill,CUST5705,neutral,False,
C1483,2025-04-08 02:05:07.230482,A117,Team_5,S13,Start>Agent,537,False,True,Where is my refund?,CUST7638,neutral,False,
C1484,2025-04-17 12:13:23.222063,A116,Team_4,S11,Start>Billing>Agent,271,True,True,Where is my refund?,CUST7021,negative,True,
C1485,2025-04-12 23:05:58.223820,A112,Team_4,S12,Start>Account,84,False,False,Can I cancel my service?,CUST4255,neutral,True,ambiguous_query
C1486,2025-04-13 14:19:28.398409,A124,Team_2,S13,Start>Billing,724,False,False,How do I change my plan?,CUST5005,positive,True,ambiguous_query
C1487,2025-05-01 01:25:52.907247,A108,Team_4,S13,Start>Sales,789,False,False,I want to talk to a human,CUST4353,neutral,False,no_match
C1488,2025-04-20 15:41:24.912838,A107,Team_2,S10,Start>Account>Agent,443,True,True,I want to talk to a human,CUST8620,negative,False,
C1489,2025-04-23 09:53:57.660812,A119,Team_3,S12,Start>Agent,624,False,True,I need help with my bill,CUST8855,positive,False,
C1490,2025-04-18 08:44:27.069125,A109,Team_5,S11,Start>Billing>Agent,163,True,True,My service is down,CUST5417,positive,True,
C1491,2025-04-14 08:25:16.453225,A100,Team_4,S13,Start>Account,877,False,False,I want to talk to a human,CUST6350,positive,True,
C1492,2025-04-15 14:31:41.119201,A118,Team_1,S13,Start>Sales,503,True,False,My service is down,CUST9289,positive,True,ambiguous_query
C1493,2025-04-25 07:00:37.260222,A110,Team_4,S12,Start>Billing,205,True,False,My internet isn’t working,CUST7289,positive,True,no_match
C1494,2025-04-27 08:33:52.759278,A101,Team_3,S10,Start>Billing,259,False,False,Where is my refund?,CUST4172,neutral,True,ambiguous_query
C1495,2025-04-30 06:24:04.064926,A117,Team_5,S12,Start>TechSupport,60,True,False,What is this extra charge?,CUST1613,positive,False,no_match
C1496,2025-04-22 10:49:57.454745,A107,Team_4,S11,Start>Sales,176,True,False,Can I cancel my service?,CUST6615,neutral,False,ambiguous_query
C1497,2025-05-01 05:17:49.534486,A108,Team_5,S14,Start>Agent,893,False,True,I want to talk to a human,CUST9629,positive,False,
C1498,2025-04-30 10:46:43.949390,A107,Team_1,S13,Start>Sales,338,False,False,My service is down,CUST5924,neutral,False,no_match
C1499,2025-04-25 10:23:51.527195,A118,Team_3,S12,Start>TechSupport>Agent,211,True,True,I want to update my account details,CUST5075,neutral,True,
C1500,2025-04-19 19:52:37.345929,A122,Team_5,S14,Start>Account,482,False,False,How do I change my plan?,CUST6426,positive,True,no_input
C1501,2025-04-01 18:45:27.650821,A119,Team_4,S10,Start>Account,118,False,False,How do I change my plan?,CUST8080,positive,False,no_match
C1502,2025-04-30 13:27:55.478837,A110,Team_3,S10,Start>Account>Agent,301,False,True,Can I cancel my service?,CUST7493,neutral,False,
C1503,2025-04-20 22:13:03.428791,A127,Team_2,S12,Start>TechSupport,685,True,False,I want to talk to a human,CUST3608,neutral,False,no_match
C1504,2025-04-10 14:18:28.644716,A103,Team_1,S10,Start>Billing>Agent,213,False,True,Can I cancel my service?,CUST2512,negative,True,
C1505,2025-04-19 23:03:06.603492,A100,Team_4,S11,Start>Billing>Agent,196,False,True,I want to talk to a human,CUST6853,neutral,True,
C1506,2025-04-25 06:42:39.120869,A105,Team_3,S12,Start>TechSupport>Agent,99,True,True,I need help with my bill,CUST1003,negative,True,
C1507,2025-04-27 18:12:02.623154,A128,Team_4,S13,Start>TechSupport>Agent,333,False,True,Where is my refund?,CUST9619,positive,False,
C1508,2025-04-08 22:11:10.014977,A102,Team_4,S14,Start>Account>Agent,221,True,True,Can I cancel my service?,CUST4666,neutral,True,
C1509,2025-04-30 21:07:02.826495,A127,Team_3,S11,Start>Sales,889,False,False,I want to talk to a human,CUST9337,positive,False,ambiguous_query
C1510,2025-04-20 20:40:14.920594,A125,Team_2,S12,Start>Account,275,True,False,Can I cancel my service?,CUST3436,neutral,True,no_match
C1511,2025-04-02 12:30:17.650241,A101,Team_5,S10,Start>Billing,170,False,False,What is this extra charge?,CUST3446,neutral,False,complex_request
C1512,2025-04-10 16:16:45.736472,A122,Team_3,S14,Start>TechSupport,795,False,False,How do I change my plan?,CUST7715,positive,False,no_input
C1513,2025-04-20 07:34:48.542779,A128,Team_4,S10,Start>Account,220,False,False,I want to update my account details,CUST6653,positive,True,complex_request
C1514,2025-04-27 11:31:53.097287,A112,Team_2,S13,Start>Sales,734,False,False,I want to talk to a human,CUST8366,positive,False,ambiguous_query
C1515,2025-04-16 13:23:15.175925,A121,Team_3,S14,Start>Billing,67,True,False,I can't log in,CUST7812,positive,False,no_input
C1516,2025-04-19 06:47:59.127237,A101,Team_2,S11,Start>Agent,678,False,True,I can't log in,CUST4313,neutral,False,
C1517,2025-04-22 15:12:43.122637,A124,Team_1,S12,Start>Account,879,False,False,I want to talk to a human,CUST1044,positive,True,no_input
C1518,2025-04-29 12:38:53.053297,A104,Team_3,S14,Start>Account>Agent,603,False,True,My service is down,CUST4222,neutral,True,
C1519,2025-04-05 03:34:19.458651,A123,Team_5,S14,Start>Account>Agent,611,False,True,I need help with my bill,CUST5661,positive,False,
C1520,2025-04-07 12:04:00.316819,A115,Team_4,S13,Start>TechSupport,382,True,False,Can I cancel my service?,CUST5336,positive,True,no_input
C1521,2025-04-27 21:50:53.700926,A121,Team_5,S12,Start>Sales>Agent,331,True,True,My service is down,CUST4755,positive,False,
C1522,2025-04-03 08:33:55.363348,A112,Team_1,S13,Start>Billing>Agent,137,False,True,My service is down,CUST9954,negative,True,
C1523,2025-04-26 14:28:58.628167,A124,Team_5,S10,Start>Sales,654,True,False,My service is down,CUST5711,neutral,True,ambiguous_query
C1524,2025-04-14 07:07:42.435152,A117,Team_3,S11,Start>Agent,731,True,True,I need help with my bill,CUST8036,positive,True,
C1525,2025-04-07 23:06:19.503335,A100,Team_1,S11,Start>Account>Agent,233,False,True,I can't log in,CUST7808,positive,False,
C1526,2025-04-20 15:25:11.138782,A123,Team_2,S12,Start>TechSupport>Agent,843,False,True,I can't log in,CUST9885,neutral,True,
C1527,2025-04-11 15:44:45.106136,A104,Team_1,S10,Start>TechSupport,127,False,False,What is this extra charge?,CUST2857,neutral,False,no_match
C1528,2025-04-03 13:53:49.530869,A116,Team_5,S13,Start>Agent,185,False,True,Where is my refund?,CUST5559,neutral,False,
C1529,2025-04-06 11:02:50.507488,A111,Team_2,S13,Start>TechSupport,618,False,False,I need help with my bill,CUST2415,negative,True,no_input
C1530,2025-04-30 14:59:03.684750,A110,Team_2,S14,Start>Agent,258,False,True,I want to talk to a human,CUST1488,positive,False,
C1531,2025-04-26 13:48:45.790700,A103,Team_5,S13,Start>TechSupport,231,True,False,Where is my refund?,CUST8920,neutral,True,no_input
C1532,2025-04-22 18:23:10.480680,A126,Team_4,S14,Start>Sales,456,False,False,I want to talk to a human,CUST4262,negative,True,ambiguous_query
C1533,2025-04-06 18:17:33.313756,A106,Team_1,S14,Start>Account,77,False,False,I want to talk to a human,CUST7808,neutral,True,complex_request
C1534,2025-04-27 04:06:00.857376,A127,Team_4,S10,Start>Billing,158,True,False,Where is my refund?,CUST3224,neutral,False,no_match
C1535,2025-04-26 00:33:43.776509,A119,Team_1,S12,Start>TechSupport,379,False,False,I can't log in,CUST1637,negative,True,complex_request
C1536,2025-04-23 03:25:58.077681,A121,Team_2,S12,Start>Sales>Agent,216,False,True,I want to talk to a human,CUST7750,negative,False,
C1537,2025-04-30 09:46:31.231078,A115,Team_3,S12,Start>Sales>Agent,83,True,True,I can't log in,CUST6369,positive,True,
C1538,2025-04-19 05:25:04.068691,A129,Team_5,S14,Start>TechSupport>Agent,431,True,True,My internet isn’t working,CUST5328,neutral,False,
C1539,2025-04-29 15:24:15.050231,A105,Team_5,S11,Start>TechSupport>Agent,297,True,True,I can't log in,CUST6103,negative,True,
C1540,2025-04-30 23:32:02.193856,A129,Team_5,S12,Start>TechSupport>Agent,473,True,True,I can't log in,CUST7884,positive,False,
C1541,2025-04-09 17:20:44.295377,A123,Team_1,S11,Start>TechSupport>Agent,156,True,True,My internet isn’t working,CUST8814,positive,False,
C1542,2025-04-21 16:58:00.240844,A117,Team_1,S12,Start>Billing,665,True,False,My internet isn’t working,CUST6473,positive,True,no_match
C1543,2025-04-17 19:09:56.521080,A115,Team_2,S11,Start>Billing,815,True,False,How do I change my plan?,CUST1086,neutral,False,
C1544,2025-04-17 14:45:56.898855,A125,Team_2,S13,Start>Agent,303,True,True,How do I change my plan?,CUST4457,neutral,False,
C1545,2025-04-16 17:55:27.084183,A126,Team_5,S12,Start>Account,199,False,False,Where is my refund?,CUST7742,negative,False,complex_request
C1546,2025-04-17 13:10:15.803408,A107,Team_5,S10,Start>Sales>Agent,321,False,True,I need help with my bill,CUST2877,neutral,True,
C1547,2025-04-13 14:15:41.042006,A122,Team_2,S14,Start>Billing,893,True,False,I want to update my account details,CUST3170,neutral,True,no_input
C1548,2025-04-18 19:38:31.478881,A123,Team_1,S10,Start>Sales>Agent,196,True,True,I can't log in,CUST2845,neutral,True,
C1549,2025-04-24 00:31:53.578335,A126,Team_1,S13,Start>TechSupport>Agent,409,True,True,Can I cancel my service?,CUST3365,positive,True,
C1550,2025-04-21 08:25:59.597634,A110,Team_4,S13,Start>Agent,756,False,True,Can I cancel my service?,CUST4302,negative,True,
C1551,2025-04-13 09:56:43.567938,A112,Team_3,S11,Start>TechSupport,561,False,False,I can't log in,CUST8167,positive,True,ambiguous_query
C1552,2025-04-17 03:42:53.686595,A114,Team_2,S10,Start>Billing>Agent,826,False,True,My service is down,CUST5736,positive,True,
C1553,2025-04-21 13:43:23.683903,A104,Team_3,S12,Start>Billing,496,True,False,Can I cancel my service?,CUST9676,positive,False,complex_request
C1554,2025-04-03 23:51:41.751243,A109,Team_2,S13,Start>TechSupport,764,False,False,Can I cancel my service?,CUST7399,positive,False,no_input
C1555,2025-04-16 19:14:41.356241,A114,Team_2,S10,Start>TechSupport,720,False,False,How do I change my plan?,CUST4586,negative,True,no_match
C1556,2025-04-24 20:22:42.779023,A108,Team_3,S14,Start>Account>Agent,766,True,True,I can't log in,CUST9462,neutral,False,
C1557,2025-04-11 07:08:35.984411,A102,Team_5,S10,Start>TechSupport,349,False,False,I want to update my account details,CUST9682,negative,False,
C1558,2025-04-08 03:16:15.796958,A100,Team_2,S10,Start>Account,846,False,False,Where is my refund?,CUST6591,positive,True,no_input
C1559,2025-04-26 09:04:10.559000,A103,Team_3,S13,Start>Account>Agent,772,False,True,Where is my refund?,CUST4268,neutral,False,
C1560,2025-04-17 23:24:58.146128,A112,Team_4,S14,Start>TechSupport,310,False,False,I need help with my bill,CUST6507,positive,True,
C1561,2025-04-06 08:50:09.282088,A110,Team_4,S11,Start>Sales>Agent,635,True,True,My internet isn’t working,CUST2690,neutral,True,
C1562,2025-04-15 08:36:06.271008,A113,Team_1,S11,Start>Sales,482,True,False,My internet isn’t working,CUST9987,neutral,True,no_input
C1563,2025-04-26 05:14:32.933483,A123,Team_2,S11,Start>Account,159,True,False,I can't log in,CUST1191,negative,False,no_match
C1564,2025-04-27 00:51:44.340620,A108,Team_5,S13,Start>TechSupport,155,False,False,I want to update my account details,CUST2946,positive,False,
C1565,2025-04-18 06:33:58.817065,A117,Team_2,S10,Start>Sales,765,False,False,My service is down,CUST3736,neutral,True,ambiguous_query
C1566,2025-04-09 15:58:24.246065,A126,Team_2,S13,Start>Account,162,True,False,My service is down,CUST4757,negative,False,no_match
C1567,2025-04-06 05:48:07.833668,A113,Team_3,S12,Start>Sales,629,True,False,I need help with my bill,CUST2597,negative,True,complex_request
C1568,2025-04-08 16:18:00.880083,A106,Team_2,S11,Start>TechSupport,815,True,False,What is this extra charge?,CUST4208,negative,True,no_input
C1569,2025-04-08 18:49:17.691398,A109,Team_4,S10,Start>Sales,291,True,False,I need help with my bill,CUST2931,neutral,True,complex_request
C1570,2025-04-09 20:01:15.749618,A120,Team_3,S13,Start>Billing,764,True,False,What is this extra charge?,CUST8761,positive,True,complex_request
C1571,2025-04-11 23:59:35.682731,A101,Team_5,S11,Start>Sales>Agent,171,True,True,What is this extra charge?,CUST4469,positive,False,
C1572,2025-04-24 13:11:44.800602,A113,Team_2,S11,Start>Account>Agent,790,False,True,Can I cancel my service?,CUST3578,negative,True,
C1573,2025-04-30 09:04:28.019531,A113,Team_2,S14,Start>Sales,345,False,False,I can't log in,CUST4508,negative,True,no_input
C1574,2025-04-06 16:17:37.562254,A112,Team_3,S13,Start>Agent,536,True,True,Where is my refund?,CUST2889,neutral,True,
C1575,2025-04-10 15:12:46.790832,A107,Team_5,S10,Start>Agent,550,False,True,Where is my refund?,CUST3215,positive,True,
C1576,2025-04-21 06:47:20.011387,A125,Team_2,S11,Start>Billing>Agent,580,True,True,I want to update my account details,CUST9831,neutral,False,
C1577,2025-04-29 13:00:47.638208,A108,Team_3,S12,Start>Agent,199,True,True,I need help with my bill,CUST8007,neutral,True,
C1578,2025-04-09 05:01:03.931277,A125,Team_2,S10,Start>Agent,211,False,True,My internet isn’t working,CUST7916,neutral,True,
C1579,2025-04-18 14:10:58.933091,A114,Team_2,S12,Start>Account,90,True,False,I need help with my bill,CUST1447,neutral,True,no_match
C1580,2025-04-05 23:12:30.225915,A102,Team_3,S11,Start>TechSupport>Agent,144,True,True,Can I cancel my service?,CUST2609,neutral,False,
C1581,2025-04-15 21:08:09.968657,A125,Team_5,S10,Start>Billing,421,False,False,How do I change my plan?,CUST2886,neutral,False,complex_request
C1582,2025-04-03 13:21:41.890516,A108,Team_2,S10,Start>Agent,892,True,True,Where is my refund?,CUST9847,neutral,False,
C1583,2025-04-02 10:13:07.396404,A104,Team_2,S12,Start>Agent,696,True,True,I want to talk to a human,CUST7216,neutral,False,
C1584,2025-04-17 19:05:56.477302,A100,Team_1,S14,Start>Billing>Agent,62,False,True,I want to update my account details,CUST7191,positive,False,
C1585,2025-04-09 14:20:02.936767,A111,Team_5,S12,Start>Agent,213,False,True,How do I change my plan?,CUST3014,positive,True,
C1586,2025-04-06 04:24:07.154332,A116,Team_2,S12,Start>Account,737,True,False,I want to talk to a human,CUST6081,negative,False,no_match
C1587,2025-04-20 10:42:05.044379,A117,Team_1,S13,Start>Billing>Agent,476,True,True,I want to update my account details,CUST7720,neutral,False,
C1588,2025-04-10 21:20:37.057829,A125,Team_1,S14,Start>Agent,249,True,True,My internet isn’t working,CUST1994,positive,True,
C1589,2025-04-16 03:30:02.407647,A127,Team_4,S12,Start>Agent,187,True,True,I can't log in,CUST5237,negative,True,
C1590,2025-04-20 22:38:58.025947,A115,Team_2,S14,Start>TechSupport,447,True,False,My service is down,CUST2051,positive,True,no_input
C1591,2025-04-18 20:35:20.421798,A121,Team_1,S11,Start>Sales>Agent,693,False,True,What is this extra charge?,CUST9547,neutral,False,
C1592,2025-04-12 07:39:16.307566,A109,Team_2,S10,Start>TechSupport,489,True,False,I want to talk to a human,CUST9656,neutral,True,complex_request
C1593,2025-04-08 23:15:04.019214,A124,Team_3,S10,Start>Sales,101,False,False,I can't log in,CUST7387,positive,False,complex_request
C1594,2025-04-24 16:31:52.619061,A127,Team_1,S11,Start>Sales>Agent,867,True,True,I want to talk to a human,CUST6569,neutral,True,
C1595,2025-04-21 12:34:04.247631,A106,Team_1,S10,Start>Sales,446,False,False,How do I change my plan?,CUST5584,negative,True,no_input
C1596,2025-04-08 09:01:51.136582,A123,Team_1,S12,Start>TechSupport,629,True,False,I can't log in,CUST6432,neutral,True,ambiguous_query
C1597,2025-04-05 20:14:56.723979,A119,Team_1,S12,Start>Billing>Agent,356,True,True,I can't log in,CUST4912,positive,True,
C1598,2025-04-09 16:30:52.536695,A124,Team_3,S11,Start>Agent,323,False,True,My internet isn’t working,CUST7467,neutral,True,
C1599,2025-04-14 10:55:38.792221,A102,Team_1,S14,Start>Sales,598,False,False,My internet isn’t working,CUST9919,positive,True,no_input
C1600,2025-04-08 03:22:03.311827,A118,Team_1,S11,Start>Sales,281,True,False,How do I change my plan?,CUST6292,negative,True,ambiguous_query
C1601,2025-04-05 08:37:20.739079,A127,Team_1,S10,Start>TechSupport>Agent,828,False,True,I want to talk to a human,CUST7378,positive,False,
C1602,2025-04-03 15:12:47.164638,A100,Team_2,S11,Start>Billing>Agent,890,True,True,Where is my refund?,CUST2748,positive,False,
C1603,2025-04-01 11:22:16.938938,A117,Team_2,S14,Start>Agent,73,True,True,How do I change my plan?,CUST6469,neutral,False,
C1604,2025-04-04 03:52:35.105592,A123,Team_3,S14,Start>TechSupport>Agent,802,False,True,I need help with my bill,CUST4501,positive,False,
C1605,2025-04-15 20:03:07.236695,A128,Team_1,S10,Start>Account>Agent,678,True,True,My internet isn’t working,CUST9617,neutral,False,
C1606,2025-04-16 21:43:54.367007,A117,Team_3,S11,Start>TechSupport,466,False,False,I want to talk to a human,CUST1432,neutral,False,no_input
C1607,2025-04-17 01:38:29.810535,A105,Team_2,S11,Start>Agent,211,True,True,I want to update my account details,CUST8393,positive,False,
C1608,2025-04-09 04:24:22.870206,A102,Team_1,S12,Start>Billing>Agent,772,False,True,What is this extra charge?,CUST9514,neutral,True,
C1609,2025-04-23 04:04:01.114467,A120,Team_1,S12,Start>TechSupport,564,False,False,How do I change my plan?,CUST8133,negative,True,
C1610,2025-04-12 02:50:13.116022,A122,Team_1,S10,Start>Billing,496,True,False,I need help with my bill,CUST4161,negative,True,
C1611,2025-04-20 10:41:42.971834,A128,Team_2,S12,Start>Sales>Agent,467,True,True,I need help with my bill,CUST7328,positive,False,
C1612,2025-04-16 07:47:46.675805,A110,Team_2,S10,Start>Billing,846,True,False,I can't log in,CUST6579,positive,False,
C1613,2025-04-03 04:06:54.453869,A117,Team_2,S13,Start>TechSupport>Agent,557,False,True,How do I change my plan?,CUST3336,neutral,False,
C1614,2025-04-23 21:51:10.693638,A123,Team_1,S10,Start>TechSupport,371,True,False,My service is down,CUST8330,neutral,False,complex_request
C1615,2025-04-11 04:26:20.503033,A107,Team_4,S14,Start>Agent,199,False,True,I need help with my bill,CUST4472,positive,False,
C1616,2025-04-19 02:31:56.636251,A101,Team_1,S12,Start>Sales,767,True,False,Where is my refund?,CUST1778,neutral,True,complex_request
C1617,2025-04-22 18:14:06.806948,A109,Team_5,S11,Start>Billing>Agent,791,False,True,I can't log in,CUST3713,neutral,False,
C1618,2025-04-23 06:44:23.718841,A127,Team_3,S14,Start>Sales,151,False,False,What is this extra charge?,CUST9769,neutral,False,
C1619,2025-04-16 07:13:34.842445,A107,Team_2,S12,Start>TechSupport>Agent,361,True,True,My service is down,CUST6072,neutral,True,
C1620,2025-04-05 22:18:16.803795,A128,Team_2,S10,Start>Billing,859,True,False,I can't log in,CUST3314,neutral,False,ambiguous_query
C1621,2025-04-21 06:24:11.878409,A118,Team_5,S10,Start>Sales>Agent,697,True,True,My service is down,CUST8749,positive,True,
C1622,2025-04-30 16:18:56.784101,A124,Team_4,S10,Start>Sales,238,True,False,I can't log in,CUST4737,neutral,True,complex_request
C1623,2025-04-28 04:27:04.027131,A121,Team_5,S12,Start>TechSupport,592,True,False,My service is down,CUST1286,negative,False,no_match
C1624,2025-04-01 11:08:04.242900,A128,Team_3,S13,Start>TechSupport>Agent,205,False,True,I want to talk to a human,CUST1490,neutral,True,
C1625,2025-04-15 10:39:22.299518,A118,Team_3,S14,Start>Billing,504,False,False,My internet isn’t working,CUST7265,neutral,False,ambiguous_query
C1626,2025-04-14 03:13:16.007928,A120,Team_1,S11,Start>Billing>Agent,635,False,True,How do I change my plan?,CUST2609,neutral,True,
C1627,2025-04-02 11:15:59.128509,A125,Team_5,S12,Start>Account,828,True,False,I can't log in,CUST4146,neutral,False,
C1628,2025-04-10 23:14:12.793946,A104,Team_2,S14,Start>Account>Agent,581,False,True,I need help with my bill,CUST1482,negative,True,
C1629,2025-04-28 05:04:24.334203,A124,Team_2,S10,Start>Billing>Agent,743,False,True,Where is my refund?,CUST7400,negative,False,
C1630,2025-04-25 07:36:39.369727,A101,Team_1,S13,Start>Agent,266,True,True,My internet isn’t working,CUST4167,negative,False,
C1631,2025-04-11 19:08:14.500611,A101,Team_1,S13,Start>Agent,117,False,True,My internet isn’t working,CUST5801,neutral,True,
C1632,2025-04-07 17:54:22.314440,A101,Team_4,S13,Start>Billing,704,True,False,Where is my refund?,CUST8263,neutral,True,no_match
C1633,2025-04-13 07:35:02.417283,A123,Team_3,S11,Start>Account>Agent,336,True,True,Can I cancel my service?,CUST8219,neutral,False,
C1634,2025-04-03 09:58:44.122746,A105,Team_1,S13,Start>Billing,803,False,False,How do I change my plan?,CUST3130,neutral,False,no_match
C1635,2025-04-08 13:13:00.012743,A117,Team_1,S13,Start>Sales,453,True,False,What is this extra charge?,CUST2094,neutral,False,no_match
C1636,2025-04-08 23:57:20.750877,A112,Team_5,S14,Start>Account>Agent,128,True,True,I want to update my account details,CUST4320,neutral,True,
C1637,2025-04-18 12:35:48.611974,A129,Team_3,S12,Start>Billing,267,False,False,How do I change my plan?,CUST2781,neutral,True,ambiguous_query
C1638,2025-04-13 09:54:35.947273,A100,Team_2,S11,Start>TechSupport>Agent,140,True,True,I need help with my bill,CUST7223,positive,False,
C1639,2025-04-21 12:42:27.399898,A126,Team_5,S12,Start>Billing,538,False,False,My service is down,CUST6651,positive,True,no_input
C1640,2025-04-25 13:21:55.395807,A114,Team_1,S14,Start>Account>Agent,374,False,True,Where is my refund?,CUST1805,neutral,True,
C1641,2025-04-25 20:40:13.756165,A101,Team_2,S13,Start>Account>Agent,582,True,True,My internet isn’t working,CUST8064,positive,True,
C1642,2025-04-18 05:29:34.375135,A114,Team_2,S12,Start>TechSupport>Agent,467,False,True,My service is down,CUST2774,negative,False,
C1643,2025-04-27 12:24:39.641338,A121,Team_5,S11,Start>Billing,136,True,False,What is this extra charge?,CUST2511,negative,True,no_match
C1644,2025-04-22 00:31:48.562087,A120,Team_2,S12,Start>Agent,489,True,True,Where is my refund?,CUST9947,positive,False,
C1645,2025-04-19 19:07:49.355957,A107,Team_4,S11,Start>Agent,308,True,True,My service is down,CUST3903,neutral,False,
C1646,2025-04-26 04:54:25.511158,A100,Team_3,S11,Start>Sales,816,True,False,Can I cancel my service?,CUST9922,neutral,False,ambiguous_query
C1647,2025-04-17 12:32:46.263348,A121,Team_1,S13,Start>Sales,776,True,False,How do I change my plan?,CUST9134,positive,False,
C1648,2025-04-21 10:14:13.862790,A124,Team_2,S10,Start>Account,842,True,False,How do I change my plan?,CUST9857,positive,True,no_input
C1649,2025-04-14 04:55:11.121382,A107,Team_3,S12,Start>Billing,148,False,False,I want to talk to a human,CUST1243,neutral,False,no_match
C1650,2025-04-13 08:59:02.413215,A121,Team_3,S13,Start>Billing,810,True,False,My service is down,CUST3854,positive,True,complex_request
C1651,2025-04-06 11:24:59.108309,A118,Team_4,S13,Start>Billing>Agent,630,False,True,I want to update my account details,CUST8044,neutral,False,
C1652,2025-04-11 17:48:54.989932,A105,Team_2,S10,Start>Account,877,True,False,Where is my refund?,CUST4765,neutral,False,
C1653,2025-04-25 22:07:55.573502,A122,Team_3,S14,Start>Account>Agent,723,True,True,I can't log in,CUST6533,negative,True,
C1654,2025-04-02 07:45:47.849763,A109,Team_3,S13,Start>Agent,579,False,True,I need help with my bill,CUST8231,positive,True,
C1655,2025-04-18 09:43:26.554118,A128,Team_5,S13,Start>Sales,459,False,False,I want to update my account details,CUST9835,neutral,True,no_match
C1656,2025-04-11 02:08:12.036094,A129,Team_5,S13,Start>Account>Agent,449,True,True,Where is my refund?,CUST2040,neutral,False,
C1657,2025-04-10 17:46:20.429234,A119,Team_5,S13,Start>Sales>Agent,614,True,True,Where is my refund?,CUST8151,neutral,True,
C1658,2025-04-17 03:54:53.089833,A110,Team_5,S14,Start>TechSupport,565,True,False,My service is down,CUST6214,neutral,True,ambiguous_query
C1659,2025-04-22 11:32:03.455327,A120,Team_2,S11,Start>Account,113,False,False,I need help with my bill,CUST6904,neutral,False,ambiguous_query
C1660,2025-04-08 22:31:01.120849,A123,Team_5,S12,Start>Sales,642,True,False,I need help with my bill,CUST3045,positive,True,complex_request
C1661,2025-04-26 06:37:07.091512,A127,Team_3,S12,Start>Account>Agent,246,False,True,Can I cancel my service?,CUST7456,positive,False,
C1662,2025-04-27 19:03:11.456542,A105,Team_2,S11,Start>Agent,817,False,True,How do I change my plan?,CUST4640,negative,True,
C1663,2025-04-22 06:41:58.079993,A110,Team_4,S11,Start>Account>Agent,141,False,True,What is this extra charge?,CUST9733,neutral,False,
C1664,2025-04-27 16:18:44.369479,A129,Team_3,S13,Start>Billing,649,True,False,How do I change my plan?,CUST4631,negative,True,complex_request
C1665,2025-04-02 00:11:36.638882,A116,Team_5,S12,Start>TechSupport>Agent,288,True,True,My service is down,CUST7409,positive,True,
C1666,2025-04-29 20:12:40.727169,A116,Team_3,S13,Start>Agent,392,True,True,Where is my refund?,CUST6250,neutral,False,
C1667,2025-04-27 00:27:32.698443,A107,Team_1,S11,Start>Account>Agent,703,True,True,My service is down,CUST2220,negative,True,
C1668,2025-04-16 09:18:06.323576,A119,Team_4,S11,Start>Billing>Agent,263,False,True,Where is my refund?,CUST4866,positive,True,
C1669,2025-04-14 09:33:13.897236,A126,Team_3,S11,Start>Sales>Agent,374,True,True,I want to talk to a human,CUST5811,neutral,False,
C1670,2025-04-17 16:27:12.361613,A106,Team_1,S11,Start>Billing,434,True,False,How do I change my plan?,CUST8796,neutral,True,no_input
C1671,2025-04-20 00:04:21.376725,A125,Team_4,S13,Start>Account,106,True,False,Where is my refund?,CUST5354,negative,True,no_match
C1672,2025-04-18 00:52:43.054967,A109,Team_1,S10,Start>Account,241,False,False,How do I change my plan?,CUST9670,negative,True,
C1673,2025-04-18 05:39:24.500856,A116,Team_4,S14,Start>Billing>Agent,679,True,True,Can I cancel my service?,CUST1110,positive,True,
C1674,2025-04-04 00:02:46.843381,A127,Team_5,S14,Start>Agent,845,False,True,How do I change my plan?,CUST3667,negative,False,
C1675,2025-04-13 13:41:25.293789,A113,Team_1,S12,Start>Agent,485,False,True,My service is down,CUST8245,positive,True,
C1676,2025-04-20 02:35:37.750028,A115,Team_3,S14,Start>Account,818,False,False,My service is down,CUST6562,neutral,False,complex_request
C1677,2025-04-23 04:22:56.835517,A125,Team_3,S14,Start>Account>Agent,242,True,True,I can't log in,CUST2944,negative,False,
C1678,2025-04-26 07:18:38.544721,A100,Team_2,S10,Start>Billing>Agent,103,True,True,I can't log in,CUST7103,neutral,True,
C1679,2025-04-20 06:14:02.469191,A107,Team_2,S10,Start>Account,384,True,False,I want to update my account details,CUST1091,positive,False,no_match
C1680,2025-04-20 02:05:40.475626,A116,Team_2,S13,Start>Agent,815,True,True,My internet isn’t working,CUST5651,positive,False,
C1681,2025-04-21 09:28:02.586477,A118,Team_5,S13,Start>Billing,571,True,False,How do I change my plan?,CUST8356,negative,False,complex_request
C1682,2025-04-06 00:13:50.346313,A120,Team_4,S11,Start>Billing>Agent,192,False,True,My service is down,CUST3747,negative,False,
C1683,2025-04-25 23:25:44.521585,A102,Team_5,S11,Start>Billing,784,True,False,What is this extra charge?,CUST4119,negative,True,no_input
C1684,2025-04-11 12:13:15.423244,A119,Team_2,S10,Start>Account>Agent,699,True,True,I need help with my bill,CUST7179,neutral,True,
C1685,2025-04-20 14:59:14.557966,A113,Team_3,S13,Start>Billing,268,False,False,I want to talk to a human,CUST1396,neutral,False,ambiguous_query
C1686,2025-04-02 06:49:47.667910,A116,Team_1,S13,Start>Billing,865,True,False,I want to talk to a human,CUST8865,neutral,False,complex_request
C1687,2025-04-29 02:07:16.199013,A117,Team_3,S13,Start>Billing,448,True,False,Where is my refund?,CUST1535,positive,True,
C1688,2025-04-02 09:32:11.824827,A126,Team_4,S13,Start>Agent,306,True,True,How do I change my plan?,CUST1869,neutral,True,
C1689,2025-04-23 08:53:53.139788,A103,Team_4,S11,Start>TechSupport>Agent,528,True,True,I want to update my account details,CUST8256,neutral,True,
C1690,2025-04-19 09:47:03.252572,A126,Team_1,S12,Start>Billing,236,True,False,Where is my refund?,CUST4507,neutral,True,no_match
C1691,2025-04-06 14:43:58.345993,A123,Team_4,S12,Start>TechSupport>Agent,715,False,True,I want to update my account details,CUST3357,positive,True,
C1692,2025-04-06 12:13:15.048195,A120,Team_3,S11,Start>Agent,268,False,True,My service is down,CUST6047,positive,True,
C1693,2025-04-07 07:23:23.466783,A123,Team_4,S13,Start>TechSupport,225,False,False,I can't log in,CUST5049,negative,False,complex_request
C1694,2025-04-04 17:18:29.281967,A127,Team_3,S14,Start>Sales,685,True,False,What is this extra charge?,CUST8320,neutral,False,no_match
C1695,2025-04-19 21:59:32.059185,A105,Team_5,S11,Start>Sales,131,True,False,I need help with my bill,CUST6424,positive,False,
C1696,2025-04-05 06:34:06.593083,A129,Team_4,S10,Start>TechSupport,562,False,False,What is this extra charge?,CUST9502,positive,True,no_match
C1697,2025-04-16 20:36:08.885215,A125,Team_1,S11,Start>Account,466,True,False,My service is down,CUST4087,positive,True,complex_request
C1698,2025-04-22 22:47:47.390738,A124,Team_5,S13,Start>Sales,591,False,False,I want to talk to a human,CUST4450,neutral,False,
C1699,2025-04-29 11:00:42.835820,A111,Team_2,S11,Start>Agent,463,True,True,I need help with my bill,CUST4309,positive,False,
C1700,2025-04-30 08:33:13.895001,A129,Team_4,S10,Start>Account,172,False,False,My internet isn’t working,CUST6683,negative,True,no_input
C1701,2025-04-12 08:37:49.919226,A127,Team_5,S10,Start>Billing>Agent,857,True,True,Where is my refund?,CUST3743,neutral,False,
C1702,2025-04-16 01:01:02.166463,A102,Team_3,S11,Start>Sales,343,True,False,I need help with my bill,CUST4216,negative,False,ambiguous_query
C1703,2025-04-01 16:48:38.431581,A102,Team_2,S14,Start>Sales,155,True,False,What is this extra charge?,CUST7517,positive,True,no_input
C1704,2025-04-13 21:20:49.178123,A103,Team_2,S11,Start>TechSupport>Agent,763,False,True,How do I change my plan?,CUST8644,neutral,True,
C1705,2025-04-21 02:42:08.932963,A103,Team_5,S10,Start>TechSupport>Agent,175,False,True,How do I change my plan?,CUST2712,positive,True,
C1706,2025-04-24 00:56:36.501215,A103,Team_5,S10,Start>Sales,199,False,False,My service is down,CUST8170,negative,True,
C1707,2025-04-10 11:52:57.335198,A123,Team_2,S10,Start>Account>Agent,645,True,True,How do I change my plan?,CUST7230,positive,True,
C1708,2025-04-17 19:31:01.703704,A114,Team_3,S14,Start>TechSupport>Agent,213,False,True,What is this extra charge?,CUST2645,positive,True,
C1709,2025-04-30 18:15:11.370790,A120,Team_5,S11,Start>Account,68,False,False,What is this extra charge?,CUST3459,neutral,False,no_input
C1710,2025-04-20 11:02:03.324062,A100,Team_5,S11,Start>Account,418,False,False,My internet isn’t working,CUST1020,negative,True,
C1711,2025-04-06 14:04:14.836284,A119,Team_3,S11,Start>Sales,77,True,False,I want to update my account details,CUST8433,positive,False,no_input
C1712,2025-04-14 04:03:07.702632,A113,Team_3,S14,Start>Account,612,False,False,How do I change my plan?,CUST6028,neutral,True,no_input
C1713,2025-04-22 03:48:13.501024,A127,Team_1,S12,Start>TechSupport>Agent,820,True,True,I need help with my bill,CUST3307,negative,True,
C1714,2025-04-30 20:01:43.924681,A103,Team_3,S14,Start>Billing,550,True,False,My service is down,CUST9107,positive,True,
C1715,2025-04-11 08:15:09.093703,A119,Team_1,S13,Start>TechSupport>Agent,501,False,True,Where is my refund?,CUST1366,neutral,True,
C1716,2025-04-04 12:26:07.926483,A127,Team_3,S14,Start>TechSupport>Agent,410,False,True,I can't log in,CUST3598,negative,True,
C1717,2025-04-17 11:55:22.915064,A122,Team_3,S10,Start>TechSupport,120,True,False,I need help with my bill,CUST6950,negative,False,ambiguous_query
C1718,2025-04-04 00:41:59.726880,A118,Team_4,S12,Start>Sales>Agent,865,False,True,Where is my refund?,CUST2063,positive,False,
C1719,2025-04-14 23:40:05.910794,A109,Team_4,S11,Start>TechSupport,317,False,False,My internet isn’t working,CUST3242,negative,False,ambiguous_query
C1720,2025-04-18 02:25:38.000142,A113,Team_1,S10,Start>Billing>Agent,628,True,True,My internet isn’t working,CUST9424,positive,True,
C1721,2025-04-19 11:59:12.686769,A125,Team_4,S14,Start>TechSupport,162,False,False,How do I change my plan?,CUST5524,neutral,True,ambiguous_query
C1722,2025-04-03 16:29:05.617327,A105,Team_4,S14,Start>Billing>Agent,617,True,True,My service is down,CUST2596,negative,False,
C1723,2025-04-24 06:53:12.918358,A103,Team_2,S14,Start>Billing>Agent,797,True,True,I want to talk to a human,CUST1996,neutral,True,
C1724,2025-04-04 14:58:34.554703,A113,Team_4,S10,Start>TechSupport,115,False,False,I want to update my account details,CUST6441,positive,True,complex_request
C1725,2025-04-16 11:05:19.225007,A111,Team_5,S12,Start>Sales,367,True,False,How do I change my plan?,CUST3866,positive,True,no_match
C1726,2025-04-16 09:13:17.000975,A100,Team_5,S13,Start>Billing,417,False,False,Can I cancel my service?,CUST7978,neutral,False,ambiguous_query
C1727,2025-04-10 04:25:09.530847,A100,Team_2,S10,Start>Agent,65,False,True,I want to update my account details,CUST4282,neutral,True,
C1728,2025-04-16 19:16:05.119023,A129,Team_3,S13,Start>Sales>Agent,507,True,True,My internet isn’t working,CUST6787,neutral,True,
C1729,2025-04-05 08:34:35.958550,A122,Team_4,S10,Start>Billing>Agent,118,False,True,How do I change my plan?,CUST7796,neutral,False,
C1730,2025-04-12 19:41:20.182708,A120,Team_5,S10,Start>TechSupport>Agent,874,True,True,I need help with my bill,CUST8322,neutral,False,
C1731,2025-04-23 23:02:20.744510,A129,Team_3,S10,Start>Billing>Agent,826,False,True,Where is my refund?,CUST4865,neutral,True,
C1732,2025-04-28 16:19:17.637824,A118,Team_1,S12,Start>TechSupport,743,True,False,I want to talk to a human,CUST3820,positive,True,
C1733,2025-04-25 16:54:45.135413,A109,Team_5,S13,Start>Sales>Agent,862,False,True,I want to update my account details,CUST2066,positive,False,
C1734,2025-04-07 02:52:41.997927,A126,Team_4,S13,Start>Agent,827,False,True,My internet isn’t working,CUST7731,negative,True,
C1735,2025-04-03 02:46:16.011497,A106,Team_4,S12,Start>Billing>Agent,556,False,True,Where is my refund?,CUST5360,positive,True,
C1736,2025-04-16 19:35:22.446898,A113,Team_2,S11,Start>Agent,745,False,True,Where is my refund?,CUST2866,negative,False,
C1737,2025-04-12 17:09:56.835712,A102,Team_3,S11,Start>Sales>Agent,736,True,True,I need help with my bill,CUST4511,neutral,False,
C1738,2025-04-22 12:22:07.303837,A103,Team_1,S13,Start>Billing>Agent,222,True,True,I can't log in,CUST2557,negative,True,
C1739,2025-04-22 18:48:56.036679,A111,Team_5,S14,Start>Agent,669,False,True,What is this extra charge?,CUST2834,positive,False,
C1740,2025-04-12 07:55:14.491643,A123,Team_5,S14,Start>Account>Agent,737,True,True,My internet isn’t working,CUST9955,negative,False,
C1741,2025-04-04 00:39:54.497074,A117,Team_2,S11,Start>TechSupport>Agent,522,False,True,My service is down,CUST9407,neutral,True,
C1742,2025-04-21 18:49:21.806272,A116,Team_3,S13,Start>Billing>Agent,612,True,True,I need help with my bill,CUST1420,positive,True,
C1743,2025-04-28 11:59:01.320590,A115,Team_3,S13,Start>TechSupport>Agent,244,True,True,How do I change my plan?,CUST2394,positive,False,
C1744,2025-04-27 11:33:55.708444,A124,Team_1,S11,Start>Agent,571,False,True,What is this extra charge?,CUST7938,neutral,True,
C1745,2025-04-18 03:53:14.668727,A123,Team_4,S14,Start>Sales,740,True,False,I can't log in,CUST1706,neutral,True,no_match
C1746,2025-04-11 00:51:38.077967,A108,Team_1,S14,Start>Sales>Agent,175,False,True,How do I change my plan?,CUST1721,neutral,True,
C1747,2025-04-25 08:06:13.393339,A115,Team_3,S14,Start>Agent,289,False,True,How do I change my plan?,CUST6800,positive,False,
C1748,2025-04-12 10:27:17.018494,A105,Team_3,S10,Start>Sales>Agent,778,False,True,Where is my refund?,CUST7165,positive,True,
C1749,2025-04-29 21:29:27.133286,A129,Team_5,S13,Start>Billing>Agent,332,False,True,My service is down,CUST6118,positive,False,
C1750,2025-04-16 10:43:54.776143,A104,Team_5,S12,Start>TechSupport>Agent,455,True,True,What is this extra charge?,CUST6825,neutral,True,
C1751,2025-04-22 22:23:16.149847,A108,Team_5,S14,Start>Billing,60,True,False,I can't log in,CUST9759,neutral,True,
C1752,2025-04-09 20:54:55.309046,A101,Team_4,S11,Start>Account>Agent,464,False,True,What is this extra charge?,CUST9637,neutral,True,
C1753,2025-04-07 10:21:18.602860,A100,Team_5,S10,Start>TechSupport>Agent,367,True,True,I want to update my account details,CUST2850,neutral,True,
C1754,2025-04-15 20:17:41.757525,A121,Team_5,S11,Start>TechSupport,791,False,False,My internet isn’t working,CUST4811,positive,False,no_match
C1755,2025-04-07 16:07:32.143994,A110,Team_2,S11,Start>Billing>Agent,320,False,True,My service is down,CUST9372,positive,False,
C1756,2025-04-21 02:21:16.930271,A129,Team_2,S12,Start>Account>Agent,828,False,True,Can I cancel my service?,CUST3369,positive,True,
C1757,2025-04-24 06:03:21.824205,A110,Team_1,S11,Start>Account>Agent,340,True,True,Where is my refund?,CUST7822,neutral,True,
C1758,2025-04-05 06:35:53.889815,A124,Team_4,S10,Start>Agent,189,False,True,Where is my refund?,CUST9818,neutral,True,
C1759,2025-04-30 05:35:42.218076,A127,Team_4,S13,Start>Agent,208,True,True,I can't log in,CUST2304,neutral,False,
C1760,2025-04-02 15:18:03.316141,A125,Team_2,S12,Start>Billing,463,False,False,I can't log in,CUST9944,neutral,True,
C1761,2025-04-19 04:21:20.170313,A112,Team_5,S14,Start>Sales,379,False,False,Where is my refund?,CUST6117,neutral,True,complex_request
C1762,2025-04-28 00:08:31.298250,A110,Team_5,S12,Start>Account,882,True,False,My internet isn’t working,CUST3033,neutral,True,no_match
C1763,2025-04-29 03:27:27.738606,A127,Team_4,S12,Start>TechSupport,773,False,False,I need help with my bill,CUST6755,positive,False,no_match
C1764,2025-04-06 04:56:43.474982,A113,Team_1,S11,Start>Agent,830,False,True,I want to update my account details,CUST7901,positive,False,
C1765,2025-04-17 15:47:49.678010,A103,Team_5,S14,Start>Account>Agent,395,False,True,Where is my refund?,CUST1914,positive,True,
C1766,2025-04-09 14:33:30.876174,A100,Team_5,S14,Start>Account>Agent,886,True,True,I can't log in,CUST9689,negative,False,
C1767,2025-04-09 07:35:04.991842,A101,Team_3,S13,Start>Sales>Agent,758,False,True,My service is down,CUST8125,neutral,False,
C1768,2025-04-15 16:57:40.841581,A110,Team_4,S12,Start>Billing,74,False,False,I want to talk to a human,CUST7940,negative,False,ambiguous_query
C1769,2025-04-19 11:56:49.409345,A110,Team_5,S10,Start>Sales,861,False,False,I want to talk to a human,CUST4616,positive,True,ambiguous_query
C1770,2025-04-07 07:16:56.711783,A104,Team_2,S12,Start>Account>Agent,878,False,True,How do I change my plan?,CUST3143,negative,True,
C1771,2025-04-10 00:53:12.430741,A110,Team_3,S10,Start>TechSupport>Agent,466,False,True,Where is my refund?,CUST6685,positive,True,
C1772,2025-04-16 03:08:23.673841,A122,Team_4,S11,Start>Billing,181,True,False,What is this extra charge?,CUST5818,positive,False,ambiguous_query
C1773,2025-04-13 22:33:33.651617,A128,Team_4,S13,Start>Account>Agent,470,True,True,I want to talk to a human,CUST2103,positive,True,
C1774,2025-04-06 07:02:04.630609,A105,Team_3,S10,Start>TechSupport>Agent,441,False,True,My service is down,CUST9471,neutral,True,
C1775,2025-04-07 00:40:40.233412,A124,Team_5,S10,Start>TechSupport>Agent,545,False,True,Can I cancel my service?,CUST9102,negative,True,
C1776,2025-04-19 20:57:53.450003,A127,Team_1,S11,Start>Account,514,True,False,I can't log in,CUST8309,positive,False,complex_request
C1777,2025-04-26 17:29:54.177468,A127,Team_2,S13,Start>TechSupport>Agent,210,True,True,What is this extra charge?,CUST1876,positive,False,
C1778,2025-04-24 05:37:52.181482,A123,Team_4,S12,Start>TechSupport,500,False,False,Where is my refund?,CUST7322,negative,True,ambiguous_query
C1779,2025-04-29 13:46:36.334944,A117,Team_3,S11,Start>Account,331,True,False,I can't log in,CUST3095,positive,True,
C1780,2025-04-02 17:15:52.940179,A110,Team_3,S12,Start>Account>Agent,108,True,True,How do I change my plan?,CUST5169,positive,False,
C1781,2025-04-26 00:35:46.020858,A120,Team_4,S12,Start>Billing,261,True,False,My internet isn’t working,CUST3292,negative,True,ambiguous_query
C1782,2025-04-23 02:39:48.228329,A109,Team_5,S14,Start>Sales,758,True,False,Can I cancel my service?,CUST8182,negative,False,no_input
C1783,2025-04-06 05:09:52.891140,A107,Team_3,S11,Start>Sales,233,True,False,I want to update my account details,CUST9829,positive,True,no_match
C1784,2025-04-02 19:06:17.247408,A128,Team_4,S12,Start>Billing>Agent,730,True,True,My internet isn’t working,CUST7341,negative,True,
C1785,2025-04-08 19:57:44.010494,A110,Team_2,S10,Start>Sales>Agent,683,True,True,I want to talk to a human,CUST9934,neutral,True,
C1786,2025-04-22 18:55:40.300355,A119,Team_2,S12,Start>TechSupport,372,True,False,I need help with my bill,CUST2701,neutral,False,ambiguous_query
C1787,2025-04-07 17:26:02.831238,A115,Team_5,S12,Start>Agent,128,False,True,I want to talk to a human,CUST3822,positive,False,
C1788,2025-04-23 09:15:44.363961,A108,Team_3,S13,Start>Billing>Agent,604,True,True,My service is down,CUST6924,neutral,False,
C1789,2025-04-25 21:16:14.434066,A114,Team_5,S10,Start>Billing>Agent,717,False,True,I want to update my account details,CUST3020,positive,False,
C1790,2025-04-27 23:14:07.511712,A127,Team_5,S13,Start>Sales>Agent,660,True,True,Where is my refund?,CUST1998,positive,False,
C1791,2025-04-05 15:52:33.530605,A118,Team_2,S13,Start>TechSupport>Agent,340,False,True,What is this extra charge?,CUST5158,positive,True,
C1792,2025-04-15 05:26:44.678256,A127,Team_5,S14,Start>Sales>Agent,787,False,True,What is this extra charge?,CUST5387,positive,True,
C1793,2025-04-05 17:42:31.483847,A118,Team_4,S11,Start>Agent,301,True,True,Where is my refund?,CUST2690,positive,True,
C1794,2025-04-15 19:03:11.609714,A100,Team_4,S11,Start>TechSupport,236,True,False,Where is my refund?,CUST4474,positive,True,no_match
C1795,2025-04-11 01:12:12.265068,A126,Team_1,S10,Start>Billing,295,True,False,I need help with my bill,CUST1266,positive,False,ambiguous_query
C1796,2025-04-30 22:12:07.218070,A113,Team_4,S10,Start>Billing>Agent,90,False,True,How do I change my plan?,CUST2993,positive,True,
C1797,2025-04-11 18:10:00.260118,A106,Team_3,S13,Start>TechSupport>Agent,355,True,True,I want to update my account details,CUST5740,negative,True,
C1798,2025-04-08 08:21:06.819139,A118,Team_5,S10,Start>Sales,342,False,False,My service is down,CUST3265,positive,False,ambiguous_query
C1799,2025-04-22 12:12:05.122105,A127,Team_5,S12,Start>TechSupport>Agent,95,True,True,I want to update my account details,CUST1276,neutral,False,
C1800,2025-04-09 00:25:28.676827,A100,Team_3,S12,Start>Account,820,False,False,Can I cancel my service?,CUST2221,positive,True,ambiguous_query
C1801,2025-04-23 06:31:03.715760,A113,Team_4,S13,Start>Account>Agent,154,True,True,I need help with my bill,CUST7438,negative,False,
C1802,2025-04-30 05:11:21.368385,A122,Team_1,S11,Start>Account>Agent,61,False,True,My service is down,CUST6307,positive,False,
C1803,2025-04-03 10:48:35.548283,A101,Team_5,S14,Start>Billing>Agent,436,True,True,How do I change my plan?,CUST7876,neutral,False,
C1804,2025-04-27 07:30:30.073919,A112,Team_5,S14,Start>Sales>Agent,223,False,True,Where is my refund?,CUST8522,neutral,True,
C1805,2025-04-02 00:28:16.560241,A117,Team_5,S14,Start>TechSupport>Agent,543,False,True,Where is my refund?,CUST2190,positive,False,
C1806,2025-04-08 14:30:21.171924,A105,Team_3,S13,Start>TechSupport>Agent,643,False,True,How do I change my plan?,CUST1382,neutral,True,
C1807,2025-04-21 07:50:02.491164,A100,Team_1,S11,Start>Sales>Agent,778,False,True,Can I cancel my service?,CUST9552,neutral,True,
C1808,2025-04-14 15:32:35.448673,A100,Team_3,S10,Start>Agent,65,False,True,What is this extra charge?,CUST2193,neutral,False,
C1809,2025-04-21 23:22:34.935547,A116,Team_3,S10,Start>Sales,558,False,False,I can't log in,CUST2478,neutral,True,ambiguous_query
C1810,2025-04-28 13:50:17.783932,A109,Team_4,S14,Start>Billing,862,True,False,My internet isn’t working,CUST9877,neutral,True,complex_request
C1811,2025-04-09 16:10:41.357033,A102,Team_5,S14,Start>Sales>Agent,201,False,True,I can't log in,CUST3900,positive,False,
C1812,2025-04-14 00:36:07.375200,A116,Team_5,S10,Start>Sales,114,False,False,I want to talk to a human,CUST5364,negative,True,
C1813,2025-04-09 04:45:31.025536,A111,Team_3,S12,Start>Sales,106,False,False,How do I change my plan?,CUST9286,positive,True,no_input
C1814,2025-04-10 10:55:53.295770,A127,Team_3,S13,Start>Billing>Agent,787,True,True,I need help with my bill,CUST2038,neutral,True,
C1815,2025-04-22 17:46:01.337997,A113,Team_3,S10,Start>Sales,235,True,False,What is this extra charge?,CUST5562,negative,False,no_input
C1816,2025-04-11 08:52:54.463526,A116,Team_2,S14,Start>Account,798,False,False,I need help with my bill,CUST1957,positive,True,no_input
C1817,2025-04-28 06:43:57.205191,A122,Team_3,S13,Start>TechSupport,152,True,False,How do I change my plan?,CUST2187,positive,False,no_match
C1818,2025-04-02 10:49:36.733861,A115,Team_1,S10,Start>Account,635,True,False,My internet isn’t working,CUST2903,neutral,True,
C1819,2025-04-19 17:19:16.143766,A105,Team_4,S10,Start>TechSupport>Agent,382,True,True,How do I change my plan?,CUST2324,neutral,True,
C1820,2025-04-20 12:54:38.202933,A107,Team_4,S10,Start>Billing,264,True,False,I need help with my bill,CUST8575,positive,False,
C1821,2025-04-21 21:16:13.734315,A110,Team_1,S10,Start>Sales,322,True,False,My service is down,CUST6116,neutral,False,complex_request
C1822,2025-04-16 06:37:15.048856,A107,Team_2,S14,Start>Agent,539,False,True,Where is my refund?,CUST4495,negative,False,
C1823,2025-04-18 00:29:36.997140,A104,Team_5,S12,Start>Account>Agent,543,True,True,How do I change my plan?,CUST2443,negative,True,
C1824,2025-04-03 23:35:34.626892,A106,Team_3,S14,Start>TechSupport>Agent,278,True,True,I need help with my bill,CUST5224,positive,True,
C1825,2025-04-08 23:52:57.784971,A124,Team_5,S14,Start>Sales>Agent,287,True,True,My internet isn’t working,CUST8672,negative,True,
C1826,2025-04-17 17:19:12.012046,A114,Team_3,S14,Start>TechSupport,405,True,False,How do I change my plan?,CUST9682,positive,False,
C1827,2025-04-19 04:29:43.972852,A113,Team_1,S13,Start>Sales,258,True,False,I can't log in,CUST5908,negative,True,
C1828,2025-04-06 08:52:53.653550,A109,Team_2,S12,Start>TechSupport,451,False,False,How do I change my plan?,CUST3259,neutral,False,complex_request
C1829,2025-04-06 04:26:38.922995,A101,Team_4,S13,Start>Account>Agent,781,True,True,How do I change my plan?,CUST6899,neutral,False,
C1830,2025-04-26 22:06:58.503777,A102,Team_3,S13,Start>Billing,270,True,False,I need help with my bill,CUST1557,neutral,False,complex_request
C1831,2025-04-04 02:29:49.779837,A103,Team_1,S13,Start>Account>Agent,808,True,True,Where is my refund?,CUST2666,negative,True,
C1832,2025-04-14 02:29:45.800268,A103,Team_4,S14,Start>Sales>Agent,157,True,True,What is this extra charge?,CUST6382,negative,False,
C1833,2025-04-03 16:40:38.697241,A101,Team_2,S11,Start>Billing>Agent,475,False,True,I want to update my account details,CUST6163,negative,False,
C1834,2025-04-25 12:42:36.924785,A121,Team_2,S10,Start>TechSupport>Agent,742,True,True,What is this extra charge?,CUST8171,negative,False,
C1835,2025-04-21 00:58:18.458893,A100,Team_2,S13,Start>Billing>Agent,140,False,True,My internet isn’t working,CUST6525,positive,True,
C1836,2025-04-05 22:08:14.787102,A125,Team_5,S12,Start>Sales,708,False,False,I need help with my bill,CUST8177,positive,False,no_match
C1837,2025-04-14 05:19:25.051573,A124,Team_4,S11,Start>Billing,534,True,False,I want to talk to a human,CUST6999,neutral,True,no_match
C1838,2025-04-29 09:34:09.136089,A101,Team_1,S13,Start>Account>Agent,753,True,True,I can't log in,CUST1199,positive,True,
C1839,2025-04-07 11:39:57.764083,A108,Team_3,S11,Start>Billing>Agent,279,False,True,I need help with my bill,CUST9298,neutral,False,
C1840,2025-04-06 19:40:41.769432,A102,Team_5,S12,Start>TechSupport>Agent,286,False,True,Where is my refund?,CUST3855,negative,False,
C1841,2025-04-28 05:54:28.493219,A124,Team_2,S12,Start>Account,210,True,False,I want to talk to a human,CUST7355,positive,True,ambiguous_query
C1842,2025-04-11 22:12:27.058777,A115,Team_5,S14,Start>Billing>Agent,719,True,True,How do I change my plan?,CUST8020,negative,True,
C1843,2025-04-16 20:49:48.654722,A117,Team_4,S13,Start>Sales,329,True,False,I want to update my account details,CUST8847,neutral,True,no_input
C1844,2025-04-06 05:29:46.085458,A121,Team_2,S14,Start>Account>Agent,374,False,True,I want to update my account details,CUST1336,positive,False,
C1845,2025-04-23 07:09:06.004146,A112,Team_2,S12,Start>Account,68,True,False,What is this extra charge?,CUST6700,negative,True,ambiguous_query
C1846,2025-04-22 08:39:25.244700,A106,Team_4,S12,Start>Account>Agent,193,False,True,What is this extra charge?,CUST5683,positive,False,
C1847,2025-04-04 05:22:36.305792,A118,Team_1,S11,Start>Billing,284,True,False,I can't log in,CUST6423,negative,True,no_match
C1848,2025-04-14 03:24:44.024080,A123,Team_1,S14,Start>Billing>Agent,718,False,True,I need help with my bill,CUST6835,positive,False,
C1849,2025-04-22 22:18:08.350842,A107,Team_1,S11,Start>TechSupport>Agent,150,False,True,How do I change my plan?,CUST8275,positive,True,
C1850,2025-04-08 06:54:55.948565,A109,Team_3,S13,Start>Account,832,False,False,I want to talk to a human,CUST4048,positive,False,complex_request
C1851,2025-04-24 00:30:37.334232,A105,Team_4,S10,Start>TechSupport,306,False,False,What is this extra charge?,CUST1138,negative,True,ambiguous_query
C1852,2025-04-30 07:42:08.568467,A111,Team_3,S14,Start>Billing,139,False,False,Can I cancel my service?,CUST8591,negative,True,no_match
C1853,2025-04-07 23:47:14.371469,A129,Team_4,S10,Start>TechSupport>Agent,880,False,True,What is this extra charge?,CUST4697,neutral,True,
C1854,2025-04-22 09:05:24.826766,A106,Team_4,S11,Start>TechSupport>Agent,722,True,True,My internet isn’t working,CUST6776,negative,True,
C1855,2025-04-10 15:24:34.565577,A123,Team_1,S12,Start>TechSupport>Agent,504,True,True,My internet isn’t working,CUST9243,neutral,False,
C1856,2025-04-18 19:30:03.380620,A117,Team_5,S10,Start>Account,642,False,False,Can I cancel my service?,CUST3743,neutral,True,ambiguous_query
C1857,2025-04-22 04:34:36.615937,A117,Team_5,S10,Start>Billing>Agent,828,False,True,I want to update my account details,CUST8843,neutral,True,
C1858,2025-04-19 21:30:30.535468,A117,Team_4,S14,Start>Billing,580,False,False,What is this extra charge?,CUST9340,positive,False,no_match
C1859,2025-04-28 10:06:08.124069,A121,Team_1,S14,Start>Billing,232,False,False,What is this extra charge?,CUST1019,positive,True,
C1860,2025-04-05 20:44:15.497966,A109,Team_5,S11,Start>TechSupport,198,True,False,I need help with my bill,CUST5128,positive,False,ambiguous_query
C1861,2025-04-22 04:21:53.507685,A108,Team_2,S11,Start>Agent,825,True,True,My internet isn’t working,CUST7905,negative,False,
C1862,2025-04-29 09:07:58.198715,A122,Team_1,S11,Start>Billing>Agent,190,True,True,I want to update my account details,CUST1830,positive,True,
C1863,2025-04-24 01:28:16.945920,A127,Team_2,S11,Start>Sales,569,False,False,What is this extra charge?,CUST2691,positive,True,no_match
C1864,2025-04-06 09:23:47.673397,A128,Team_2,S14,Start>TechSupport>Agent,487,False,True,I need help with my bill,CUST7670,positive,True,
C1865,2025-04-05 06:49:29.127967,A121,Team_1,S12,Start>TechSupport,510,False,False,Can I cancel my service?,CUST6830,positive,True,
C1866,2025-04-29 12:03:39.991086,A117,Team_2,S11,Start>TechSupport>Agent,760,True,True,What is this extra charge?,CUST2468,neutral,True,
C1867,2025-04-29 02:08:50.072469,A109,Team_4,S14,Start>Billing>Agent,222,True,True,My internet isn’t working,CUST1477,positive,False,
C1868,2025-04-04 01:09:27.971603,A119,Team_4,S13,Start>Billing,214,True,False,I want to update my account details,CUST2941,neutral,True,
C1869,2025-04-08 16:48:35.109919,A101,Team_3,S13,Start>Agent,437,False,True,How do I change my plan?,CUST8544,negative,True,
C1870,2025-04-22 20:12:50.608495,A107,Team_4,S11,Start>TechSupport>Agent,644,False,True,I want to talk to a human,CUST6925,positive,False,
C1871,2025-04-21 23:32:42.771975,A109,Team_1,S13,Start>Sales>Agent,460,True,True,I can't log in,CUST4089,neutral,False,
C1872,2025-04-03 03:50:17.323956,A100,Team_3,S14,Start>Sales>Agent,231,False,True,I want to update my account details,CUST3121,negative,False,
C1873,2025-05-01 01:10:02.606696,A113,Team_1,S10,Start>Account>Agent,210,False,True,I want to update my account details,CUST7732,neutral,False,
C1874,2025-05-01 01:23:47.200572,A108,Team_2,S10,Start>Agent,585,True,True,My service is down,CUST9077,negative,True,
C1875,2025-04-21 09:39:10.524689,A104,Team_2,S12,Start>TechSupport>Agent,733,False,True,I can't log in,CUST4614,positive,False,
C1876,2025-04-29 18:47:26.939458,A128,Team_2,S12,Start>Sales,251,False,False,I need help with my bill,CUST6974,neutral,True,no_input
C1877,2025-04-30 06:05:44.298762,A108,Team_2,S10,Start>TechSupport,139,True,False,I want to talk to a human,CUST9667,neutral,True,complex_request
C1878,2025-04-27 03:55:10.402293,A123,Team_3,S12,Start>Sales,857,False,False,Where is my refund?,CUST5400,neutral,False,ambiguous_query
C1879,2025-04-24 06:39:07.679725,A118,Team_3,S12,Start>TechSupport,429,True,False,How do I change my plan?,CUST7073,neutral,False,ambiguous_query
C1880,2025-04-02 00:43:56.541861,A112,Team_5,S14,Start>Sales>Agent,886,True,True,How do I change my plan?,CUST4418,negative,True,
C1881,2025-04-24 10:34:00.676676,A105,Team_3,S12,Start>Account,82,True,False,Where is my refund?,CUST6440,negative,False,
C1882,2025-04-16 05:04:43.353590,A102,Team_3,S11,Start>Sales>Agent,670,True,True,I want to talk to a human,CUST7081,neutral,False,
C1883,2025-04-08 06:58:06.634747,A127,Team_4,S11,Start>TechSupport>Agent,305,True,True,Can I cancel my service?,CUST5524,positive,False,
C1884,2025-04-29 10:33:33.064850,A108,Team_2,S13,Start>TechSupport>Agent,893,False,True,I need help with my bill,CUST5338,neutral,True,
C1885,2025-04-16 17:41:12.510876,A125,Team_2,S13,Start>TechSupport>Agent,368,False,True,I can't log in,CUST4497,neutral,True,
C1886,2025-04-02 07:14:45.909518,A118,Team_4,S11,Start>Sales,291,True,False,I need help with my bill,CUST1491,neutral,True,ambiguous_query
C1887,2025-04-23 06:00:32.768804,A116,Team_3,S11,Start>Billing,183,True,False,I want to talk to a human,CUST9994,neutral,False,complex_request
C1888,2025-04-08 03:07:26.545198,A105,Team_2,S12,Start>Account>Agent,816,True,True,How do I change my plan?,CUST9281,neutral,False,
C1889,2025-04-20 08:17:12.429131,A127,Team_4,S10,Start>TechSupport>Agent,569,True,True,What is this extra charge?,CUST1414,neutral,False,
C1890,2025-04-16 10:11:09.955756,A128,Team_2,S11,Start>Sales,533,False,False,What is this extra charge?,CUST8044,neutral,False,ambiguous_query
C1891,2025-04-05 19:37:35.195354,A106,Team_2,S13,Start>Billing>Agent,174,False,True,I need help with my bill,CUST1764,negative,False,
C1892,2025-04-18 09:22:39.706571,A126,Team_4,S14,Start>TechSupport>Agent,85,False,True,I want to talk to a human,CUST9505,neutral,True,
C1893,2025-04-21 15:33:19.273211,A100,Team_2,S13,Start>Billing,806,True,False,My internet isn’t working,CUST6065,positive,False,no_input
C1894,2025-04-29 23:20:00.639718,A103,Team_4,S10,Start>Account>Agent,292,True,True,I want to update my account details,CUST7520,neutral,True,
C1895,2025-04-15 06:53:44.489247,A105,Team_1,S11,Start>TechSupport>Agent,262,False,True,Where is my refund?,CUST6666,positive,True,
C1896,2025-04-28 23:54:53.015695,A105,Team_1,S14,Start>Billing,649,False,False,I want to update my account details,CUST6635,positive,False,
C1897,2025-04-22 19:08:22.960746,A111,Team_2,S11,Start>Billing,233,True,False,Can I cancel my service?,CUST4716,neutral,True,
C1898,2025-04-24 20:17:54.880464,A119,Team_5,S11,Start>Billing>Agent,354,False,True,Can I cancel my service?,CUST4638,neutral,True,
C1899,2025-04-11 23:55:32.904283,A107,Team_4,S13,Start>TechSupport>Agent,579,False,True,I need help with my bill,CUST8692,positive,True,
C1900,2025-04-04 17:16:14.502071,A101,Team_5,S11,Start>Sales>Agent,681,False,True,My internet isn’t working,CUST9284,negative,True,
C1901,2025-04-11 06:02:09.968070,A101,Team_1,S10,Start>Sales,187,True,False,How do I change my plan?,CUST2634,positive,True,
C1902,2025-04-19 00:24:00.363906,A121,Team_5,S11,Start>TechSupport>Agent,564,False,True,I can't log in,CUST9751,negative,False,
C1903,2025-04-28 13:08:15.318910,A106,Team_3,S13,Start>Account>Agent,194,True,True,I want to update my account details,CUST4550,negative,True,
C1904,2025-04-28 22:46:17.285332,A105,Team_5,S10,Start>TechSupport>Agent,832,False,True,I can't log in,CUST3522,positive,True,
C1905,2025-04-21 12:54:41.714958,A105,Team_3,S13,Start>Billing>Agent,446,True,True,Where is my refund?,CUST6530,positive,True,
C1906,2025-04-22 12:34:14.228637,A107,Team_4,S11,Start>TechSupport>Agent,723,True,True,My service is down,CUST1908,positive,False,
C1907,2025-04-01 11:42:59.788780,A103,Team_2,S10,Start>Sales,745,False,False,I want to update my account details,CUST5995,neutral,False,no_input
C1908,2025-04-05 12:27:09.858891,A100,Team_1,S11,Start>Sales>Agent,238,False,True,I need help with my bill,CUST9334,neutral,False,
C1909,2025-04-30 21:21:43.546293,A118,Team_4,S12,Start>Sales>Agent,124,False,True,I can't log in,CUST8801,positive,False,
C1910,2025-04-07 01:00:07.799723,A118,Team_1,S11,Start>TechSupport>Agent,437,True,True,How do I change my plan?,CUST5385,positive,False,
C1911,2025-04-19 23:13:21.466769,A113,Team_3,S10,Start>TechSupport>Agent,650,False,True,Where is my refund?,CUST4465,neutral,False,
C1912,2025-04-25 18:22:39.926092,A111,Team_2,S10,Start>Sales,882,True,False,What is this extra charge?,CUST1297,positive,False,no_input
C1913,2025-04-19 03:30:51.456996,A121,Team_1,S10,Start>Sales,158,True,False,My internet isn’t working,CUST3452,positive,True,
C1914,2025-04-05 23:31:10.734450,A107,Team_4,S14,Start>Sales>Agent,533,False,True,How do I change my plan?,CUST1595,neutral,False,
C1915,2025-04-06 04:32:16.737715,A102,Team_2,S13,Start>Sales,555,True,False,My internet isn’t working,CUST4037,positive,False,no_match
C1916,2025-04-07 02:28:39.844677,A114,Team_3,S14,Start>Agent,607,False,True,My service is down,CUST7887,positive,True,
C1917,2025-04-03 01:31:29.173997,A106,Team_1,S14,Start>TechSupport>Agent,705,False,True,I want to talk to a human,CUST6058,positive,False,
C1918,2025-04-07 10:06:17.544734,A107,Team_1,S11,Start>Billing>Agent,222,True,True,Where is my refund?,CUST2134,positive,True,
C1919,2025-04-12 21:46:28.223320,A115,Team_4,S12,Start>Account>Agent,636,False,True,I can't log in,CUST8863,positive,True,
C1920,2025-04-13 17:37:20.034101,A104,Team_4,S14,Start>Sales,465,False,False,I can't log in,CUST9925,neutral,False,ambiguous_query
C1921,2025-04-10 17:40:24.218727,A112,Team_3,S14,Start>Sales,667,False,False,I can't log in,CUST2458,neutral,True,ambiguous_query
C1922,2025-04-17 07:02:41.813191,A128,Team_3,S13,Start>Billing>Agent,323,False,True,I need help with my bill,CUST1377,neutral,False,
C1923,2025-04-08 02:26:07.064184,A122,Team_2,S13,Start>TechSupport,98,False,False,I can't log in,CUST7989,neutral,False,ambiguous_query
C1924,2025-04-25 00:27:03.881771,A102,Team_1,S14,Start>Account,200,False,False,I want to update my account details,CUST6260,positive,False,
C1925,2025-04-03 10:45:20.167526,A114,Team_1,S11,Start>Account,418,True,False,What is this extra charge?,CUST9667,positive,False,no_input
C1926,2025-04-20 18:43:18.447761,A113,Team_3,S11,Start>TechSupport>Agent,381,False,True,My service is down,CUST6495,neutral,False,
C1927,2025-04-25 07:45:02.191967,A113,Team_4,S11,Start>Account>Agent,398,False,True,I can't log in,CUST4627,positive,False,
C1928,2025-04-26 10:46:08.534879,A125,Team_3,S14,Start>TechSupport>Agent,465,True,True,Where is my refund?,CUST4972,negative,False,
C1929,2025-04-04 15:28:12.807921,A118,Team_4,S12,Start>TechSupport,648,False,False,How do I change my plan?,CUST5322,positive,True,no_input
C1930,2025-04-05 11:24:59.225575,A107,Team_1,S14,Start>Account,572,False,False,What is this extra charge?,CUST8815,neutral,True,
C1931,2025-04-24 21:22:47.951294,A121,Team_5,S14,Start>Account>Agent,162,True,True,What is this extra charge?,CUST2697,negative,False,
C1932,2025-04-03 14:50:52.840007,A101,Team_2,S10,Start>Sales,839,True,False,Can I cancel my service?,CUST6354,positive,False,no_input
C1933,2025-04-09 00:15:37.966213,A109,Team_4,S12,Start>Account,543,True,False,What is this extra charge?,CUST1610,positive,True,complex_request
C1934,2025-04-25 18:57:59.380639,A108,Team_5,S13,Start>Account>Agent,450,True,True,What is this extra charge?,CUST4660,neutral,True,
C1935,2025-04-08 03:08:01.636006,A128,Team_3,S10,Start>Billing,857,True,False,I want to update my account details,CUST8560,positive,False,complex_request
C1936,2025-04-11 06:18:20.486793,A116,Team_5,S13,Start>TechSupport,398,False,False,Can I cancel my service?,CUST1037,neutral,False,no_match
C1937,2025-04-14 09:32:50.753376,A129,Team_5,S14,Start>TechSupport,130,False,False,I want to talk to a human,CUST5888,positive,False,ambiguous_query
C1938,2025-04-07 18:20:21.557760,A112,Team_2,S10,Start>TechSupport>Agent,288,False,True,I need help with my bill,CUST4353,positive,True,
C1939,2025-04-12 16:55:53.860980,A126,Team_4,S11,Start>Billing,94,True,False,I want to update my account details,CUST6079,neutral,True,complex_request
C1940,2025-04-17 10:46:17.234001,A113,Team_2,S10,Start>Billing>Agent,368,True,True,Can I cancel my service?,CUST7810,neutral,False,
C1941,2025-04-22 11:50:22.028559,A101,Team_5,S12,Start>Billing,642,False,False,How do I change my plan?,CUST1821,positive,True,ambiguous_query
C1942,2025-04-16 03:15:28.827499,A114,Team_3,S10,Start>Sales,329,True,False,I need help with my bill,CUST5949,positive,False,no_match
C1943,2025-04-05 06:43:58.421257,A104,Team_2,S14,Start>Account,108,True,False,What is this extra charge?,CUST5592,neutral,False,no_input
C1944,2025-04-23 13:59:05.010314,A114,Team_3,S11,Start>TechSupport,265,True,False,My service is down,CUST3511,neutral,True,no_match
C1945,2025-04-28 08:12:17.918601,A104,Team_1,S11,Start>Account,470,True,False,I want to update my account details,CUST4349,negative,True,no_match
C1946,2025-04-04 22:34:03.509149,A107,Team_2,S12,Start>Sales>Agent,539,False,True,My internet isn’t working,CUST3012,neutral,False,
C1947,2025-04-18 16:31:25.582564,A111,Team_1,S13,Start>Sales>Agent,205,False,True,Where is my refund?,CUST6691,neutral,False,
C1948,2025-04-23 23:31:25.900583,A128,Team_1,S11,Start>Account>Agent,717,False,True,I want to update my account details,CUST1918,positive,True,
C1949,2025-04-14 22:36:21.747425,A123,Team_5,S14,Start>Account>Agent,895,False,True,What is this extra charge?,CUST4850,positive,False,
C1950,2025-04-28 16:23:58.620878,A101,Team_2,S14,Start>Account>Agent,529,True,True,Where is my refund?,CUST1268,positive,True,
C1951,2025-04-27 00:53:50.574713,A121,Team_2,S12,Start>Billing>Agent,442,True,True,Can I cancel my service?,CUST7776,negative,False,
C1952,2025-04-19 15:44:24.154604,A123,Team_1,S13,Start>Sales,388,False,False,How do I change my plan?,CUST2734,neutral,True,complex_request
C1953,2025-04-08 02:38:22.883932,A101,Team_4,S12,Start>Agent,292,False,True,What is this extra charge?,CUST8686,neutral,False,
C1954,2025-04-26 15:37:52.851397,A105,Team_2,S12,Start>Billing>Agent,881,False,True,How do I change my plan?,CUST7458,neutral,False,
C1955,2025-04-27 19:57:57.273314,A129,Team_5,S11,Start>TechSupport,557,True,False,I want to update my account details,CUST8395,neutral,True,no_input
C1956,2025-04-09 13:35:10.608380,A103,Team_2,S10,Start>TechSupport>Agent,108,True,True,My service is down,CUST8502,negative,True,
C1957,2025-04-06 21:38:51.034889,A122,Team_3,S14,Start>Sales>Agent,886,True,True,My internet isn’t working,CUST8445,negative,False,
C1958,2025-04-07 23:35:20.574313,A122,Team_1,S11,Start>Billing,420,True,False,Where is my refund?,CUST5125,neutral,True,
C1959,2025-04-25 15:58:53.130519,A110,Team_1,S13,Start>TechSupport>Agent,236,True,True,What is this extra charge?,CUST9064,negative,False,
C1960,2025-04-16 17:24:29.522372,A107,Team_5,S13,Start>Billing,227,True,False,I want to talk to a human,CUST5739,positive,True,ambiguous_query
C1961,2025-04-06 00:31:13.108166,A105,Team_4,S12,Start>Account>Agent,665,False,True,I want to update my account details,CUST4199,neutral,True,
C1962,2025-04-09 18:12:17.150576,A106,Team_3,S12,Start>Account>Agent,513,True,True,I can't log in,CUST9228,negative,False,
C1963,2025-04-28 19:26:41.194204,A100,Team_3,S13,Start>Billing>Agent,883,True,True,I need help with my bill,CUST7130,neutral,False,
C1964,2025-04-29 06:41:07.313368,A102,Team_5,S12,Start>TechSupport,866,False,False,Can I cancel my service?,CUST5216,neutral,True,ambiguous_query
C1965,2025-04-20 05:54:57.265717,A113,Team_2,S11,Start>Account,484,True,False,I can't log in,CUST4030,neutral,False,ambiguous_query
C1966,2025-04-22 20:14:59.133995,A110,Team_2,S11,Start>Account,640,True,False,I need help with my bill,CUST7854,positive,False,complex_request
C1967,2025-04-19 05:36:42.079041,A117,Team_1,S11,Start>Billing,88,False,False,Where is my refund?,CUST3583,positive,False,no_match
C1968,2025-04-08 10:25:00.995413,A102,Team_3,S13,Start>TechSupport,103,True,False,Where is my refund?,CUST6205,positive,False,no_input
C1969,2025-04-03 13:52:31.653336,A113,Team_2,S13,Start>Billing,721,False,False,What is this extra charge?,CUST5860,neutral,True,no_match
C1970,2025-04-09 03:49:03.388917,A113,Team_4,S10,Start>Account,739,False,False,Where is my refund?,CUST9427,positive,False,no_match
C1971,2025-04-25 22:06:31.042433,A106,Team_2,S10,Start>TechSupport,730,True,False,I need help with my bill,CUST5466,neutral,True,no_input
C1972,2025-04-27 08:12:55.803736,A102,Team_1,S11,Start>Billing,156,True,False,My internet isn’t working,CUST7096,neutral,True,complex_request
C1973,2025-04-05 01:22:43.351343,A117,Team_2,S13,Start>Agent,487,False,True,How do I change my plan?,CUST5881,negative,True,
C1974,2025-04-30 09:38:51.544753,A116,Team_3,S12,Start>Agent,610,True,True,How do I change my plan?,CUST6067,negative,True,
C1975,2025-04-30 09:07:55.206173,A101,Team_4,S11,Start>Agent,569,False,True,My service is down,CUST8871,positive,False,
C1976,2025-04-21 03:08:49.230840,A124,Team_4,S13,Start>Account>Agent,468,False,True,My internet isn’t working,CUST8132,neutral,True,
C1977,2025-04-13 12:14:39.252546,A121,Team_2,S10,Start>Billing,792,False,False,What is this extra charge?,CUST3933,positive,True,no_match
C1978,2025-04-07 20:10:52.247802,A109,Team_1,S10,Start>Account>Agent,227,False,True,My service is down,CUST4554,neutral,True,
C1979,2025-04-25 18:38:08.721065,A123,Team_4,S14,Start>TechSupport>Agent,152,False,True,Where is my refund?,CUST8315,positive,False,
C1980,2025-04-09 00:18:27.470152,A118,Team_5,S10,Start>Billing,586,True,False,My internet isn’t working,CUST1326,positive,False,ambiguous_query
C1981,2025-04-08 14:07:29.761371,A113,Team_1,S11,Start>Billing>Agent,123,True,True,I want to talk to a human,CUST4222,neutral,False,
C1982,2025-04-28 06:28:29.236676,A117,Team_4,S11,Start>TechSupport>Agent,63,False,True,I need help with my bill,CUST6351,negative,False,
C1983,2025-04-23 00:01:05.234982,A128,Team_5,S11,Start>Agent,786,True,True,I want to talk to a human,CUST3651,negative,True,
C1984,2025-04-16 12:28:53.996345,A101,Team_4,S13,Start>Agent,774,False,True,What is this extra charge?,CUST8493,neutral,True,
C1985,2025-04-12 13:00:01.669487,A105,Team_5,S11,Start>Agent,684,False,True,I want to update my account details,CUST4514,negative,False,
C1986,2025-04-15 03:50:16.906423,A116,Team_3,S10,Start>Agent,890,False,True,What is this extra charge?,CUST7515,neutral,True,
C1987,2025-04-29 09:04:20.821938,A117,Team_3,S10,Start>Billing>Agent,136,True,True,What is this extra charge?,CUST9287,neutral,True,
C1988,2025-04-07 10:06:23.336510,A122,Team_5,S11,Start>TechSupport>Agent,749,True,True,I want to talk to a human,CUST4061,neutral,True,
C1989,2025-04-29 20:23:54.878665,A110,Team_1,S13,Start>Sales,564,False,False,My internet isn’t working,CUST1711,neutral,False,
C1990,2025-04-11 10:10:45.923435,A105,Team_1,S14,Start>Agent,162,False,True,I want to update my account details,CUST2229,neutral,False,
C1991,2025-04-29 23:30:59.853686,A113,Team_1,S13,Start>Agent,771,True,True,I want to talk to a human,CUST7864,neutral,True,
C1992,2025-04-01 16:25:50.596632,A111,Team_4,S11,Start>Billing>Agent,793,True,True,How do I change my plan?,CUST7174,positive,False,
C1993,2025-04-15 23:41:23.923825,A124,Team_2,S14,Start>Account,648,True,False,What is this extra charge?,CUST6303,neutral,False,
C1994,2025-04-11 16:02:22.922352,A116,Team_5,S14,Start>Billing,411,False,False,I want to update my account details,CUST5470,neutral,True,ambiguous_query
C1995,2025-04-26 15:05:20.845738,A123,Team_3,S11,Start>Billing>Agent,515,False,True,Can I cancel my service?,CUST3338,neutral,False,
C1996,2025-05-01 02:59:43.976480,A118,Team_3,S10,Start>Sales,647,False,False,Can I cancel my service?,CUST1353,neutral,False,complex_request
C1997,2025-04-13 18:46:40.176765,A121,Team_4,S12,Start>Agent,420,False,True,How do I change my plan?,CUST5518,positive,True,
C1998,2025-04-17 06:30:13.524920,A103,Team_4,S13,Start>TechSupport,355,False,False,My service is down,CUST6625,positive,True,ambiguous_query
C1999,2025-04-23 14:44:39.572755,A109,Team_5,S14,Start>Billing>Agent,331,False,True,I want to talk to a human,CUST1161,neutral,True,
C2000,2025-04-01 16:34:23.597698,A128,Team_1,S12,Start>Billing,181,True,False,What is this extra charge?,CUST7528,positive,False,no_match
